organismNameOrig,organismCodeOrig,ORGANISM_NAME,ORGANISM_CODE,GENUS_NAME,GENUS_CODE,LukeCode,GRAM_TYPE
*** MRSA *** isolated,,*** mrsa *** isolated,SAUR,staphylococcus,A_STAPHYLOCOCCUS,SAUR,p
Abiotrophia species,,abiotrophia sp.,A_ABIOTROP,abiotrophia,A_ABIOTROPHIA,A_ABIOTROP,
Achromobacter sp.,ACHRO,achromobacter sp.,ACHRO,achromobacter,A_ACHROMOBACTER,ACHRO,
Achromobacter xylosoxidans,AXYL,achromobacter xylosoxidans,AXYL,achromobacter,A_ACHROMOBACTER,AXYL,
Acinetobacter baumannii,ABAU,acinetobacter baumannii,ABAU,acinetobacter,A_ACINETOBACTER,ABAU,
Acinetobacter haemolyticus,,acinetobacter haemolyticus,A_AHAEMOLYT,acinetobacter,A_ACINETOBACTER,A_AHAEMOLYT,
Acinetobacter lwoffi,ALWO,acinetobacter lwoffi,ALWO,acinetobacter,A_ACINETOBACTER,ALWO,
Acinetobacter radioresistens,,acinetobacter radioresistens,A_ARADIORES,acinetobacter,A_ACINETOBACTER,A_ARADIORES,
Acinetobacter sp.,ACINE,acinetobacter sp.,ACINE,acinetobacter,A_ACINETOBACTER,ACINE,
Acinetobacter sp. (second type),,acinetobacter sp.,ACINE,acinetobacter,A_ACINETOBACTER,ACINE,
Actinobaculum schaalii,,actinobaculum schaalii,A_ASCHAALII,actinobaculum,M_ACTINOBACULUM,A_ASCHAALII,
Actinomyces israelii,,actinomyces israelii,A_AISRAELII,actinomyces,A_ACTINOMYCES,A_AISRAELII,p
Actinomyces meyeri,,actinomyces meyeri,A_AMEYERI,actinomyces,A_ACTINOMYCES,A_AMEYERI,p
Actinomyces naeslundii,,actinomyces naeslundii,A_ANAESLUND,actinomyces,A_ACTINOMYCES,A_ANAESLUND,p
Actinomyces odontolyticus,,actinomyces odontolyticus,A_AODONTOLY,actinomyces,A_ACTINOMYCES,A_AODONTOLY,p
Actinomyces sp,,actinomyces sp.,A_ACTINOMY,actinomyces,A_ACTINOMYCES,A_ACTINOMY,p
Actinomyces sp.,,actinomyces sp.,A_ACTINOMY,actinomyces,A_ACTINOMYCES,A_ACTINOMY,p
Aerococcus sp.,AEROC,aerococcus sp.,AEROC,aerococcus,A_AEROCOCCUS,AEROC,
Aerococcus urinae,AERU,aerococcus urinae,AERU,aerococcus,A_AEROCOCCUS,AERU,
Aerococcus viridans,AVIR,aerococcus viridans,AVIR,aerococcus,A_AEROCOCCUS,AVIR,
Aeromonas caviae,ACAV,aeromonas caviae,ACAV,aeromonas,A_AEROMONAS,ACAV,
Aeromonas hydrophila,AHYD,aeromonas hydrophila,AHYD,aeromonas,A_AEROMONAS,AHYD,
Aeromonas sp,AEROM,aeromonas sp.,AEROM,aeromonas,A_AEROMONAS,AEROM,
Aeromonas sp.,,aeromonas sp.,AEROM,aeromonas,A_AEROMONAS,AEROM,
Alcaligenes faecalis,AFAE,alcaligenes faecalis,AFAE,alcaligenes,A_ALCALIGENES,AFAE,
Alcaligenes sp,,alcaligenes sp.,A_ALCALIGE,alcaligenes,A_ALCALIGENES,A_ALCALIGE,
Alcaligenes sp.,,alcaligenes sp.,A_ALCALIGE,alcaligenes,A_ALCALIGENES,A_ALCALIGE,
Alpha haemolytic Streptococcus,,alpha haemolytic streptococcus,AHS,streptococcus,A_STREPTOCOCCUS,AHS,p
Alpha haemolytic streptococcus,AHS,alpha haemolytic streptococcus,AHS,streptococcus,A_STREPTOCOCCUS,AHS,p
Alpha-haemolytic streptococcus (second type),,alpha-haemolytic streptococcus,AHS,streptococcus,A_STREPTOCOCCUS,AHS,p
Alternaria sp,,alternaria sp.,A_ALTERNAR,alternaria,A_ALTERNARIA,A_ALTERNAR,
Anaerobes,,anaerobes,A_ANAEROBE,,,ANAEROBES,
Anaerobes NOT isolated after extended incubation.,,anaerobes not isolated after extended incubation.,A_ANIAEI,,,A_ANIAEI,
Anaerobic Gram Negative Bacillus,,anaerobic gram negative bacillus,A_AGNB,bacillus,A_BACILLUS,A_AGNB,p
Anaerobic Gram Positive Bacillus,,anaerobic gram positive bacillus,A_AGPB,bacillus,A_BACILLUS,A_AGPB,p
Anaerobic Streptococcus,,anaerobic streptococcus,A_ASTREPTOC,streptococcus,A_STREPTOCOCCUS,ANAEROBES,p
Anaerobic coccus,,anaerobic coccus,A_ACOCCUS,,,ANAEROBES,
Arcanobacterium haemolyticum,,arcanobacterium haemolyticum,A_AHAEMOLYT,arcanobacterium,M_ARCANOBACTERIUM,A_AHAEMOLYT,
Aspergillus flavus,,aspergillus flavus,A_AFLAVUS,aspergillus,A_ASPERGILLUS,FUNGI,
Aspergillus fumigatus,,aspergillus fumigatus,A_AFUMIGATU,aspergillus,A_ASPERGILLUS,FUNGI,
Aspergillus niger,,aspergillus niger,A_ANIGER,aspergillus,A_ASPERGILLUS,FUNGI,
Aspergillus ustus,,aspergillus ustus,A_AUSTUS,aspergillus,A_ASPERGILLUS,FUNGI,
Bacillus cereus,BCER,bacillus cereus,BCER,bacillus,A_BACILLUS,BCER,p
Bacillus circulans,,bacillus circulans,A_BCIRCULAN,bacillus,A_BACILLUS,A_BCIRCULAN,p
Bacillus sp,BACIL,bacillus sp.,BACIL,bacillus,A_BACILLUS,BACIL,p
Bacillus sp.,,bacillus sp.,BACIL,bacillus,A_BACILLUS,BACIL,p
Bacillus sp. ,,bacillus sp.,BACIL,bacillus,A_BACILLUS,BACIL,p
Bacillus subtilis,,bacillus subtilis,A_BSUBTILIS,bacillus,A_BACILLUS,A_BSUBTILIS,p
Bacteroides fragilis,BFRA,bacteroides fragilis,BFRA,bacteroides,A_BACTEROIDES,ANAEROBES,
Bacteroides ovatus,BOVA,bacteroides ovatus,BOVA,bacteroides,A_BACTEROIDES,ANAEROBES,
Bacteroides sp,BACTE,bacteroides sp.,BACTE,bacteroides,A_BACTEROIDES,ANAEROBES,
Bacteroides sp.,,bacteroides sp.,BACTE,bacteroides,A_BACTEROIDES,ANAEROBES,
Bacteroides vulgatus,BVUL,bacteroides vulgatus,BVUL,bacteroides,A_BACTEROIDES,BVUL,
Beta-haemolytic Strep. Group B,,beta-haemolytic streptococcus group b,BHSB,streptococcus,A_STREPTOCOCCUS,BHSG_B,p
Beta-haemolytic Strep. Group C/G,,beta-haemolytic streptococcus group c/g,BHSCG,streptococcus,A_STREPTOCOCCUS,BHSG_CG,p
Beta-haemolytic strep. Group A,BHSA,beta-haemolytic streptococcus group a,BHSA,streptococcus,A_STREPTOCOCCUS,BHSG_A,p
Beta-haemolytic strep. Group B,BHSB,beta-haemolytic streptococcus group b,BHSB,streptococcus,A_STREPTOCOCCUS,BHSG_B,p
Beta-haemolytic strep. Group B ,,beta-haemolytic streptococcus group b,BHSB,streptococcus,A_STREPTOCOCCUS,BHSG_B,p
Beta-haemolytic strep. Group C,BHSC,beta-haemolytic streptococcus group c,BHSC,streptococcus,A_STREPTOCOCCUS,BHSG_C,p
Beta-haemolytic strep. Group C/G,BHSCG,beta-haemolytic streptococcus group c/g,BHSCG,streptococcus,A_STREPTOCOCCUS,BHSG_CG,p
Beta-haemolytic strep. Group D,,beta-haemolytic streptococcus group d,A_BSGD,streptococcus,A_STREPTOCOCCUS,BHSG_D,p
Beta-haemolytic strep. Group F,,beta-haemolytic streptococcus group f,A_BSGF,streptococcus,A_STREPTOCOCCUS,BHS_MILLERI,p
Beta-haemolytic strep. Group G,BHSG,beta-haemolytic streptococcus group g,BHSG,streptococcus,A_STREPTOCOCCUS,BHSG_G,p
Beta-haemolytic strep. NOT A-G,,beta-haemolytic streptococcus not a-g,A_BSNAG,streptococcus,A_STREPTOCOCCUS,BHS_MILLERI,p
Beta-haemolytic streptococcus,BHS,beta-haemolytic streptococcus,BHS,streptococcus,A_STREPTOCOCCUS,BHS_MILLERI,p
Bifidobacterium sp.,,bifidobacterium sp.,A_BIFIDOBA,bifidobacterium,A_BIFIDOBACTERIUM,A_BIFIDOBA,
Bordetella sp.,,bordetella sp.,A_BORDETEL,bordetella,A_BORDETELLA,A_BORDETEL,
Brevibacterium sp.,BREVI,brevibacterium sp.,BREVI,brevibacterium,A_BREVIBACTERIUM,BREVI,
Brevundimonas diminuta,BDIM,brevundimonas diminuta,BDIM,brevundimonas,A_BREVUNDIMONAS,BDIM,
Brevundimonas sp.,,brevundimonas sp.,A_BREVUNDI,brevundimonas,A_BREVUNDIMONAS,A_BREVUNDI,
Brevundimonas vesicularis,,brevundimonas vesicularis,A_BVESICULA,brevundimonas,A_BREVUNDIMONAS,A_BVESICULA,
Brucella melitensis,,brucella melitensis,A_BMELITENS,brucella,M_BRUCELLA,A_BMELITENS,
Burkholderia cepacia,BCEP,burkholderia cepacia,BCEP,burkholderia,A_BURKHOLDERIA,BCEP,n
Burkholderia pseudomallei,BPSE,burkholderia pseudomallei,BPSE,burkholderia,A_BURKHOLDERIA,BPSE,n
Burkholderia sp.,,burkholderia sp.,A_BURKHOLD,burkholderia,A_BURKHOLDERIA,A_BURKHOLD,n
Campylobacter coli,CCOL,campylobacter coli,CCOL,campylobacter,A_CAMPYLOBACTER,CCOL,n
Campylobacter fetus,CFET,campylobacter fetus,CFET,campylobacter,A_CAMPYLOBACTER,CFET,n
Campylobacter jejuni,CJEJ,campylobacter jejuni,CJEJ,campylobacter,A_CAMPYLOBACTER,CJEJ,n
Campylobacter sp.,CAMPY,campylobacter sp.,CAMPY,campylobacter,A_CAMPYLOBACTER,CAMPY,n
Campylobacter sp. (second type),CAMP2,campylobacter sp.,CAMPY,campylobacter,A_CAMPYLOBACTER,CAMPY,n
Candida (Torulopsis) glabrata,CGLA,candida glabrata,CGLA,candida,A_CANDIDA,FUNGI,
Candida albicans,CALB,candida albicans,CALB,candida,A_CANDIDA,FUNGI,
Candida dubliniensis,,candida dubliniensis,A_CDUBLINIE,candida,A_CANDIDA,FUNGI,
Candida famata,,candida famata,A_CFAMATA,candida,A_CANDIDA,FUNGI,
Candida guilliermondii,,candida guilliermondii,A_CGUILLIER,candida,A_CANDIDA,FUNGI,
Candida kefyr,CKEF,candida kefyr,CKEF,candida,A_CANDIDA,FUNGI,
Candida krusei,CKRU,candida krusei,CKRU,candida,A_CANDIDA,FUNGI,
Candida lipolytica,,candida lipolytica,A_CLIPOLYTI,candida,A_CANDIDA,FUNGI,
Candida lusitaniae,,candida lusitaniae,A_CLUSITANI,candida,A_CANDIDA,FUNGI,
Candida parapsilosis,,candida parapsilosis,A_CPARAPSIL,candida,A_CANDIDA,FUNGI,
Candida pelliculosa,,candida pelliculosa,A_CPELLICUL,candida,A_CANDIDA,FUNGI,
Candida sp.,,candida sp.,A_CANDIDA ,candida,A_CANDIDA,FUNGI,
Candida tropicalis,CTRO,candida tropicalis,CTRO,candida,A_CANDIDA,FUNGI,
Candida utilis,,candida utilis,A_CUTILIS,candida,A_CANDIDA,FUNGI,
Carboxyphilic Streptococcus,,carboxyphilic streptococcus,A_CSTREPTOC,streptococcus,A_STREPTOCOCCUS,AHS,p
Cardiobacterium hominis,,cardiobacterium hominis,A_CHOMINIS,cardiobacterium,M_CARDIOBACTERIUM,A_CHOMINIS,
Chryseobacterium indologenes,CIND,chryseobacterium indologenes,CIND,chryseobacterium,A_CHRYSEOBACTERIUM,CIND,
Chryseobacterium meningosepticum,,chryseobacterium meningosepticum,A_CMENINGOS,chryseobacterium,A_CHRYSEOBACTERIUM,A_CMENINGOS,
Chryseobacterium sp.,,chryseobacterium sp.,A_CHRYSEOB,chryseobacterium,A_CHRYSEOBACTERIUM,A_CHRYSEOB,
Chryseomonas sp.,,chryseomonas sp.,A_CHRYSEOM,chryseomonas,A_CHRYSEOMONAS,A_CHRYSEOM,
Citrobacter amalonaticus,CAMA,citrobacter amalonaticus,CAMA,citrobacter,A_CITROBACTER,CAMA,
Citrobacter braakii,CBRA,citrobacter braakii,CBRA,citrobacter,A_CITROBACTER,CBRA,
Citrobacter freundii,CFRE,citrobacter freundii,CFRE,citrobacter,A_CITROBACTER,CFRE,
Citrobacter koseri,CKOS,citrobacter koseri,CKOS,citrobacter,A_CITROBACTER,CKOS,
Citrobacter sp.,CITRO,citrobacter sp.,CITRO,citrobacter,A_CITROBACTER,CITRO,
Cladosporium sp.,,cladosporium sp.,A_CLADOSPO,cladosporium,A_CLADOSPORIUM,A_CLADOSPO,
Clostridium perfringens,CPER,clostridium perfringens,CPER,clostridium,A_CLOSTRIDIUM,CPER,p
Clostridium septicum,,clostridium septicum,A_CSEPTICUM,clostridium,A_CLOSTRIDIUM,A_CSEPTICUM,p
Clostridium sp,CLOST,clostridium sp.,CLOST,clostridium,A_CLOSTRIDIUM,CLOST,p
Clostridium sp.,,clostridium sp.,CLOST,clostridium,A_CLOSTRIDIUM,CLOST,p
Coagulase negative staphylococcus,CNS,coagulase negative staphylococcus,CNS,staphylococcus,A_STAPHYLOCOCCUS,CNS,p
Coagulase negative staphylococcus (second type),CNS2,coagulase negative staphylococcus,CNS,staphylococcus,A_STAPHYLOCOCCUS,CNS,p
Coagulase negative staphylococcus (third type),CNS3,coagulase negative staphylococcus,CNS,staphylococcus,A_STAPHYLOCOCCUS,CNS,p
Coliform,,coliform,COLIF,coliform,A_COLIFORM,COLIF,
Coliform (second type),COLI2,coliform,COLIF,coliform,A_COLIFORM,COLIF,
Coliform sp.,COLIF,coliform sp.,COLIF,coliform,A_COLIFORM,COLIF,
Coliform sp. (second type),COLIF2,coliform sp.,COLIF,coliform,A_COLIFORM,COLIF,
Comamonas testosteroni,,comamonas testosteroni,A_CTESTOSTE,comamonas,M_COMAMONAS,A_CTESTOSTE,
Corynebacterium bovis,,corynebacterium bovis,A_CBOVIS,corynebacterium,A_CORYNEBACTERIUM,A_CBOVIS,p
Corynebacterium haemolyticum,CHAE,corynebacterium haemolyticum,CHAE,corynebacterium,A_CORYNEBACTERIUM,CHAE,p
Corynebacterium jeikeium,CJEI,corynebacterium jeikeium,CJEI,corynebacterium,A_CORYNEBACTERIUM,CJEI,p
Corynebacterium minutissimum,,corynebacterium minutissimum,A_CMINUTISS,corynebacterium,A_CORYNEBACTERIUM,A_CMINUTISS,p
Corynebacterium pseudodiphtheriticum,,corynebacterium pseudodiphtheriticum,A_CPSEUDODI,corynebacterium,A_CORYNEBACTERIUM,A_CPSEUDODI,p
Corynebacterium sp,CORYN,corynebacterium sp.,CORYN,corynebacterium,A_CORYNEBACTERIUM,CORYN,p
Corynebacterium sp.,,corynebacterium sp.,CORYN,corynebacterium,A_CORYNEBACTERIUM,CORYN,p
Corynebacterium striatum,CSTR,corynebacterium striatum,CSTR,corynebacterium,A_CORYNEBACTERIUM,CSTR,p
Corynebacterium tuberculostearicum,,corynebacterium tuberculostearicum,A_CTUBERCUL,corynebacterium,A_CORYNEBACTERIUM,A_CTUBERCUL,p
Cryptococcus albidus,,cryptococcus albidus,A_CALBIDUS,cryptococcus,A_CRYPTOCOCCUS,FUNGI,
Cryptococcus laurentii,,cryptococcus laurentii,A_CLAURENTI,cryptococcus,A_CRYPTOCOCCUS,FUNGI,
Cryptococcus neoformans,,cryptococcus neoformans,A_CNEOFORMA,cryptococcus,A_CRYPTOCOCCUS,FUNGI,
Cryptococcus sp.,,cryptococcus sp.,A_CRYPTOCO,cryptococcus,A_CRYPTOCOCCUS,FUNGI,
Cryptococcus uniguttulatus,,cryptococcus uniguttulatus,A_CUNIGUTTU,cryptococcus,A_CRYPTOCOCCUS,FUNGI,
Delftia acidovorans,DACI,delftia acidovorans,DACI,delftia,M_DELFTIA,DACI,
Diphtheroids,DIPHT,diphtheroids,DIPHT,,,DIPHT,
Eikenella corrodens,ECOR,eikenella corrodens,ECOR,eikenella,A_EIKENELLA,ECOR,
Eikenella sp.,,eikenella sp.,A_EIKENELL,eikenella,A_EIKENELLA,A_EIKENELL,
Elizabethkingia meningoseptica,EMEN,elizabethkingia meningoseptica,EMEN,elizabethkingia,,EMEN,
Enterobacter aerogenes,EAER,enterobacter aerogenes,ENTAE,enterobacter,A_ENTEROBACTER,ENTAE,n
Enterobacter aerogenes (second type),ENTAE2,enterobacter aerogenes,ENTAE,enterobacter,A_ENTEROBACTER,ENTAE,n
Enterobacter amnigenus,,enterobacter amnigenus,A_EAMNIGENU,enterobacter,A_ENTEROBACTER,A_EAMNIGENU,n
Enterobacter asburiae,EASB,enterobacter asburiae,EASB,enterobacter,A_ENTEROBACTER,EASB,n
Enterobacter cloacae,ECLO,enterobacter cloacae,ECLO,enterobacter,A_ENTEROBACTER,ECLO,n
Enterobacter cloacae (second type),ECLO2,enterobacter cloacae,ECLO,enterobacter,A_ENTEROBACTER,ECLO,n
Enterobacter gergoviae,,enterobacter gergoviae,A_EGERGOVIA,enterobacter,A_ENTEROBACTER,A_EGERGOVIA,n
Enterobacter ludwigii,,enterobacter ludwigii,A_ELUDWIGII,enterobacter,A_ENTEROBACTER,A_ELUDWIGII,n
Enterobacter sakazakii,,enterobacter sakazakii,A_ESAKAZAKI,enterobacter,A_ENTEROBACTER,A_ESAKAZAKI,n
Enterobacter sp.,ENTB,enterobacter sp.,ENTB,enterobacter,A_ENTEROBACTER,ENTB,n
Enterococcus avium,,enterococcus avium,A_EAVIUM,enterococcus,A_ENTEROCOCCUS,A_EAVIUM,p
Enterococcus casseliflavus,ECASS,enterococcus casseliflavus,ECASS,enterococcus,A_ENTEROCOCCUS,ECASS,p
Enterococcus durans,,enterococcus durans,A_EDURANS,enterococcus,A_ENTEROCOCCUS,A_EDURANS,p
Enterococcus faecalis,EFAS,enterococcus faecalis,EFAS,enterococcus,A_ENTEROCOCCUS,EFAS,p
Enterococcus faecalis (second type),,enterococcus faecalis,EFAS,enterococcus,A_ENTEROCOCCUS,EFAS,p
Enterococcus faecium,EFAM,enterococcus faecium,EFAM,enterococcus,A_ENTEROCOCCUS,EFAM,p
Enterococcus gallinarum,EGAL,enterococcus gallinarum,EGAL,enterococcus,A_ENTEROCOCCUS,EGAL,p
Enterococcus sp (second type),ENTC2,enterococcus sp.,ENTC,enterococcus,A_ENTEROCOCCUS,ENTC,p
Enterococcus sp.,ENTC,enterococcus sp.,ENTC,enterococcus,A_ENTEROCOCCUS,ENTC,p
Escherichia coli,ECOL,escherichia coli,ECOL,escherichia,A_ESCHERICHIA,ECOL,n
Escherichia coli (second type),ECOL2,escherichia coli,ECOL,escherichia,A_ESCHERICHIA,ECOL,n
Escherichia coli O157,,escherichia coli o157,ECOL,escherichia,A_ESCHERICHIA,ECOL,n
Escherichia hermanii,,escherichia hermanii,A_EHERMANII,escherichia,A_ESCHERICHIA,A_EHERMANII,n
Escherichia sp.,,escherichia sp.,A_ESCHERIC,escherichia,A_ESCHERICHIA,A_ESCHERIC,n
Filamentous fungi,,filamentous fungi,A_FFUNGI,,,FUNGI,
Flavobacterium sp.,,flavobacterium sp.,A_FLAVOBAC,flavobacterium,A_FLAVOBACTERIUM,A_FLAVOBAC,
Fungi NOT isolated,,fungi not isolated,A_FNI,,,A_FNI,
Fusarium oxysporum,,fusarium oxysporum,A_FOXYSPORU,fusarium,A_FUSARIUM,FUNGI,
Fusarium sp,,fusarium sp.,A_FUSARIUM,fusarium,A_FUSARIUM,FUNGI,
Fusobacterium necrophorum,FNEC,fusobacterium necrophorum,FNEC,fusobacterium,A_FUSOBACTERIUM,FNEC,n
Fusobacterium nucleatum,,fusobacterium nucleatum,A_FNUCLEATU,fusobacterium,A_FUSOBACTERIUM,A_FNUCLEATU,n
Fusobacterium sp.,,fusobacterium sp.,A_FUSOBACT,fusobacterium,A_FUSOBACTERIUM,A_FUSOBACT,n
Gardnerella vaginalis,,gardnerella vaginalis,A_GVAGINALI,,,A_GVAGINALI,
Gemella haemolysans,GHAEM,gemella haemolysans,GHAEM,gemella,A_GEMELLA,GHAEM,
Gemella morbillorum,,gemella morbillorum,A_GMORBILLO,gemella,A_GEMELLA,A_GMORBILLO,
Gemella sp.,,gemella sp.,GEM,gemella,A_GEMELLA,GEM,
Gemella species,GEM,gemella sp.,GEM,gemella,A_GEMELLA,GEM,
Geotrichum candidum,,geotrichum candidum,A_GCANDIDUM,geotrichum,A_GEOTRICHUM,FUNGI,
Geotrichum capitatum,,geotrichum capitatum,A_GCAPITATU,geotrichum,A_GEOTRICHUM,FUNGI,
Geotrichum species,,geotrichum sp.,A_GEOTRICH,geotrichum,A_GEOTRICHUM,FUNGI,
Germ tube Positive: probable Candida albicans,GTTP,germ tube positive: probable candida albicans,GTTP,candida,A_CANDIDA,GTTP,
Gram Negative Bacilli (2nd type),,gram negative bacilli,A_GNB2,,,A_GNB2,
Gram negative bacilli seen in aerobic bottle,QGNBA,gram negative bacilli seen in aerobic bottle,QGNBA,,,QGNBA,
Gram negative bacilli seen in anaerobic bottle,QGNBN,gram negative bacilli seen in anaerobic bottle,QGNBN,,,QGNBN,
Gram negative bacilli seen in both bottles,,gram negative bacilli seen in both bottles,A_GNBSIBB,,,A_GNBSIBB,
Gram positive bacilli seen in aerobic bottle,QGPBA,gram positive bacilli seen in aerobic bottle,QGPBA,,,QGPBA,
Gram positive bacilli seen in anaerobic bottle,,gram positive bacilli seen in anaerobic bottle,A_GPBSIAB,,,A_GPBSIAB,
Gram positive bacilli seen in paediatric bottle,,gram positive bacilli seen in paediatric bottle,A_GPBSIPB,,,A_GPBSIPB,
Gram positive cocci seen in aerobic bottle,QGPCA,gram positive cocci seen in aerobic bottle,QGPCA,,,QGPCA,
Gram positive cocci seen in anaerobic bottle,QGPCN,gram positive cocci seen in anaerobic bottle,QGPCN,,,QGPCN,
Gram positive cocci seen in both bottles,,gram positive cocci seen in both bottles,A_GPCSIBB,,,A_GPCSIBB,
Gram positive coccus (second type),,gram positive coccus,A_GPC2,,,A_GPC2,
Haemophilus aphrophilus,,haemophilus aphrophilus,A_HAPHROPHI,haemophilus,A_HAEMOPHILUS,A_HAPHROPHI,
Haemophilus haemolyticus,HHAE,haemophilus haemolyticus,HHAE,haemophilus,A_HAEMOPHILUS,HHAE,
Haemophilus influenzae,HINF,haemophilus influenzae,HINF,haemophilus,A_HAEMOPHILUS,HINF,
Haemophilus parahaemolyticus,HPHA,haemophilus parahaemolyticus,HPHA,haemophilus,A_HAEMOPHILUS,HPHA,
Haemophilus parainfluenzae,HPIN,haemophilus parainfluenzae,HPIN,haemophilus,A_HAEMOPHILUS,HPIN,
Haemophilus paraphrophilus,HPAP,haemophilus paraphrophilus,HPAP,haemophilus,A_HAEMOPHILUS,HPAP,
Haemophilus sp.,HAEMO,haemophilus sp.,HAEMO,haemophilus,A_HAEMOPHILUS,HAEMO,
Hafnia alvei,HALV,hafnia alvei,HALV,hafnia,A_HAFNIA,HALV,
Hafnia sp.,,hafnia sp.,A_HAFNIA S,hafnia,A_HAFNIA,A_HAFNIA S,
Helicobacter pylori,HPYL,helicobacter pylori,HPYL,,,HPYL,
Kingella kingae,,kingella kingae,A_KKINGAE,,,A_KKINGAE,
Klebsiella oxytoca,KOXY,klebsiella oxytoca,KOXY,klebsiella,A_KLEBSIELLA,KOXY,n
Klebsiella planticola,,klebsiella planticola,A_KPLANTICO,klebsiella,A_KLEBSIELLA,A_KPLANTICO,n
Klebsiella pneumoniae,KPNE,klebsiella pneumoniae,KPNE,klebsiella,A_KLEBSIELLA,KPNE,n
Klebsiella pneumoniae (second type),KPN2,klebsiella pneumoniae,KPNE,klebsiella,A_KLEBSIELLA,KPNE,n
Klebsiella sp.,KLEBS,klebsiella sp.,KLEBS,klebsiella,A_KLEBSIELLA,KLEBS,n
Kloeckera species,,kloeckera sp.,A_KLOECKER,kloeckera,A_KLOECKERA,A_KLOECKER,
Kluyvera sp.,KLUYV,kluyvera sp.,KLUYV,kluyvera,A_KLUYVERA,KLUYV,
LactoBacillus sp.,,lactobacillus sp.,A_LACTOBAC,lactobacillus,A_LACTOBACILLUS,A_LACTOBAC,p
Lactobacillus fermentum,,lactobacillus fermentum,A_LFERMENTU,lactobacillus,A_LACTOBACILLUS,A_LFERMENTU,p
Lactobacillus paracasei,,lactobacillus paracasei,A_LPARACASE,lactobacillus,A_LACTOBACILLUS,A_LPARACASE,p
Lactobacillus rhamnosus,,lactobacillus rhamnosus,A_LRHAMNOSU,lactobacillus,A_LACTOBACILLUS,A_LRHAMNOSU,p
Lactobacillus sp,,lactobacillus sp.,A_LACTOBAC,lactobacillus,A_LACTOBACILLUS,A_LACTOBAC,p
Lactobacillus sp.,,lactobacillus sp.,A_LACTOBAC,lactobacillus,A_LACTOBACILLUS,A_LACTOBAC,p
Lactose fermenting coliform,LFC,lactose fermenting coliform,LFC,coliform,A_COLIFORM,LFC,
Lactose fermenting coliform (second type),LFC2,lactose fermenting coliform,LFC,coliform,A_COLIFORM,LFC,
Lactose fermenting coliform (third type),,lactose fermenting coliform,LFC,coliform,A_COLIFORM,LFC,
Leptotrichia wadei,,leptotrichia wadei,A_LWADEI,,,A_LWADEI,
Leuconostoc sp.,,leuconostoc sp.,A_LEUCONOS,leuconostoc,A_LEUCONOSTOC,A_LEUCONOS,
Listeria NOT isolated,,listeria not isolated,A_LNI,listeria,A_LISTERIA,A_LNI,p
Listeria monocytogenes,LMON,listeria monocytogenes,LMON,listeria,A_LISTERIA,LMON,p
Listeria sp,,listeria sp.,A_LISTERIA,listeria,A_LISTERIA,A_LISTERIA,p
MRSA not isolated,,mrsa not isolated,A_MNI,,,A_MNI,
Methicillin Resistant Staph.aureus,MRSA,methicillin resistant staphylococcus aureus,SAUR,staphylococcus,A_STAPHYLOCOCCUS,SAUR,p
Methicillin Resistant Staph.aureus (second type),,methicillin resistant staphylococcus aureus,SAUR,staphylococcus,A_STAPHYLOCOCCUS,SAUR,p
Microaerophilic streptococcus,,microaerophilic streptococcus,A_MSTREPTOC,streptococcus,A_STREPTOCOCCUS,A_MSTREPTOC,p
Microbacterium sp.,,microbacterium sp.,A_MICROBAC,microbacterium,A_MICROBACTERIUM,A_MICROBAC,
Micrococcus sp.,MICROC,micrococcus sp.,MICROC,micrococcus,A_MICROCOCCUS,MICROC,
Mixed Alpha Haemolytic Streptococci,,mixed alpha haemolytic streptococcus,A_MAHS,streptococcus,A_STREPTOCOCCUS,AHS,p
Mixed Bacterial Growth,,mixed bacterial growth,A_MBG,mixed,A_MIXED,A_MBG,
Mixed Candida sp.,,mixed candida sp.,A_MIXED CA,mixed,A_MIXED,FUNGI,
Mixed anaerobes,,mixed anaerobes,A_MANAEROBE,mixed,A_MIXED,ANAEROBES,
Mixed coagulase negative staphylococci,MCNS,mixed coagulase negative staphylococci,CNS,staphylococcus,A_MIXED,CNS,
Mixed coliforms,MCOL,mixed coliforms,MCOL,mixed,A_MIXED,MCOL,
Mixed coliforms/enterococci isolated,,mixed coliforms/enterococci isolated,A_MCI,mixed,A_MIXED,A_MCI,
Mixed growth including Pseudomonas species,,mixed growth including pseudomonas sp.,A_MIXED GR,pseudomonas,A_PSEUDOMONAS,A_MIXED GR,n
Mixed growth including yeasts,QMIXY,mixed growth including yeasts,QMIXY,mixed,A_MIXED,QMIXY,
Mixed growth of anaerobes.,QMAN,mixed growth of anaerobes.,QMAN,mixed,A_MIXED,ANEROBES,
Mixed growth of coliforms.,QMCOL,mixed growth of coliforms.,QMCOL,mixed,A_MIXED,QMCOL,
Mixed lactose fermenting coliforms,MLFC,mixed lactose fermenting coliforms,MLFC,mixed,A_MIXED,MLFC,
Mixed skin flora and coliforms,,mixed skin flora and coliforms,A_MSFAC,mixed,A_MIXED,A_MSFAC,
Moraxella catarrhalis,MCAT,moraxella catarrhalis,MCAT,moraxella,A_MORAXELLA,MCAT,
Moraxella sp,MORAX,moraxella sp.,MORAX,moraxella,A_MORAXELLA,MORAX,
Moraxella sp.,,moraxella sp.,MORAX,moraxella,A_MORAXELLA,MORAX,
Morganella morganii,MMOR,morganella morganii,MMOR,morganella,M_MORGANELLA,MMOR,
Mycobacterium abscessus,,mycobacterium abscessus,A_MABSCESSU,mycobacterium,A_MYCOBACTERIUM,A_MABSCESSU,p
Mycobacterium avium,,mycobacterium avium,A_MAVIUM,mycobacterium,A_MYCOBACTERIUM,A_MAVIUM,p
Mycobacterium bovis,,mycobacterium bovis,A_MBOVIS,mycobacterium,A_MYCOBACTERIUM,A_MBOVIS,p
Mycobacterium bovis (BCG strain),,mycobacterium bovis,A_MBOVIS,mycobacterium,A_MYCOBACTERIUM,A_MBOVIS,p
Mycobacterium chelonae,,mycobacterium chelonae,A_MCHELONAE,mycobacterium,A_MYCOBACTERIUM,A_MCHELONAE,p
Mycobacterium fortuitum,,mycobacterium fortuitum,A_MFORTUITU,mycobacterium,A_MYCOBACTERIUM,A_MFORTUITU,p
Mycobacterium intracellulare,,mycobacterium intracellulare,A_MINTRACEL,mycobacterium,A_MYCOBACTERIUM,A_MINTRACEL,p
Mycobacterium kansasii,,mycobacterium kansasii,A_MKANSASII,mycobacterium,A_MYCOBACTERIUM,A_MKANSASII,p
Mycobacterium malmoense,,mycobacterium malmoense,A_MMALMOENS,mycobacterium,A_MYCOBACTERIUM,A_MMALMOENS,p
Mycobacterium marinum,,mycobacterium marinum,A_MMARINUM,mycobacterium,A_MYCOBACTERIUM,A_MMARINUM,p
Mycobacterium mucogenicum,,mycobacterium mucogenicum,A_MMUCOGENI,mycobacterium,A_MYCOBACTERIUM,A_MMUCOGENI,p
Mycobacterium peregrinum,,mycobacterium peregrinum,A_MPEREGRIN,mycobacterium,A_MYCOBACTERIUM,A_MPEREGRIN,p
Mycobacterium scrofulaceum,,mycobacterium scrofulaceum,A_MSCROFULA,mycobacterium,A_MYCOBACTERIUM,A_MSCROFULA,p
Mycobacterium simae,,mycobacterium simae,A_MSIMAE,mycobacterium,A_MYCOBACTERIUM,A_MSIMAE,p
Mycobacterium sp.,,mycobacterium sp.,A_MYCOBACT,mycobacterium,A_MYCOBACTERIUM,A_MYCOBACT,p
Mycobacterium tuberculosis,,mycobacterium tuberculosis,A_MTUBERCUL,mycobacterium,A_MYCOBACTERIUM,A_MTUBERCUL,p
Mycobacterium tuberculosis complex,,mycobacterium tuberculosis complex,A_MTC,mycobacterium,A_MYCOBACTERIUM,A_MTC,p
Mycobacterium xenopi,,mycobacterium xenopi,A_MXENOPI,mycobacterium,A_MYCOBACTERIUM,A_MXENOPI,p
Mycoplasma sp.,,mycoplasma sp.,A_MYCOPLAS,mycoplasma,A_MYCOPLASMA,A_MYCOPLAS,p
Myroides odoratimimus,MODO,myroides odoratimimus,MODO,,,MODO,
NO Resistant Organisms isolated.,,no resistant organisms isolated.,A_NROI,,,A_NROI,
NO beta-haemolytic Streptococcus isolated,,no beta-haemolytic streptococcus isolated,A_NBSISOLATED,streptococcus,A_STREPTOCOCCUS,A_NBSISOLATED,p
NO carbapenem resistant Pseudomonas isolated,,no carbapenem resistant pseudomonas isolated,A_NCRPI,pseudomonas,A_PSEUDOMONAS,A_NCRPI,n
NO carbapenem resistant coliforms isolated,,no carbapenem resistant coliforms isolated,A_NCRCI,coliform,A_COLIFORM,A_NCRCI,
NO other fungi isolated after long term incubation,,no other fungi isolated after long term incubation,A_NOFIALTI,,,A_NOFIALTI,
NO resistant Acinetobacter isolated,,no resistant acinetobacter isolated,A_NRAI,acinetobacter,A_ACINETOBACTER,A_NRAI,
Neisseria cinerea,,neisseria cinerea,A_NCINEREA,neisseria,A_NEISSERIA,A_NCINEREA,n
Neisseria flavescens,NFLA,neisseria flavescens,NFLA,neisseria,A_NEISSERIA,NFLA,n
Neisseria gonorrhoeae,NGON,neisseria gonorrhoeae,NGON,neisseria,A_NEISSERIA,NGON,n
Neisseria gonorrhoeae NOT isolated,,neisseria gonorrhoeae not isolated,A_NGNI,neisseria,A_NEISSERIA,A_NGNI,n
Neisseria meningitidis,NMEN,neisseria meningitidis,NMEN,neisseria,A_NEISSERIA,NMEN,n
Neisseria mucosa,,neisseria mucosa,A_NMUCOSA,neisseria,A_NEISSERIA,A_NMUCOSA,n
Neisseria sp.,NEISS,neisseria sp.,NEISS,neisseria,A_NEISSERIA,NEISS,n
No Growth after enrichment culture.,,no growth after enrichment culture.,A_NGAEC,,,A_NGAEC,
No Growth at 2 days,,no growth at 2 days,A_NGA2D,,,A_NGA2D,
No Neisseria gonorrhoeae or Candida isolated,,no neisseria gonorrhoeae or candida isolated,A_NNGOCI,neisseria,A_NEISSERIA,A_NNGOCI,
No Vancomycin Resistant Enterococci isolated.,,no vancomycin resistant enterococci isolated.,A_NVREI,,,A_NVREI,
No Yeast isolated.,,no yeast isolated.,A_NYI,,,A_NYI,
No yeast isolated after 5 days incubation.,,no yeast isolated after 5 days incubation.,A_NYIA5DI,,,A_NYIA5DI,
Nocardia sp.,NOCAR,nocardia sp.,NOCAR,nocardia,A_NOCARDIA,NOCAR,
Non-haemolytic streptococcus,NHS,non-haemolytic streptococcus,NHS,streptococcus,A_STREPTOCOCCUS,NHS,p
Non-lactose Fermenting Coliform,NLF,non-lactose fermenting coliform,NLF,coliform,A_COLIFORM,NLF,
Non-lactose fermenting coliform (second type),NLF2,non-lactose fermenting coliform,NLF,coliform,A_COLIFORM,NLF,
Normal Flora,,normal flora,A_NFLORA,normal,A_NORMAL,A_NFLORA,
Normal flora,,normal flora,A_NFLORA,normal,A_NORMAL,A_NFLORA,
Normal flora including Group B Streptococcus,,normal flora including group b streptococcus,A_NFIGBS,streptococcus,A_STREPTOCOCCUS,A_NFIGBS,p
Normal flora including coliforms,,normal flora including coliforms,A_NFIC,normal,A_NORMAL,A_NFIC,
Normal skin flora,,normal skin flora,A_NSF,normal,A_NORMAL,A_NSF,
Normal upper respiratory flora including coliforms,,normal upper respiratory flora including coliforms,A_NURFIC,normal,A_NORMAL,A_NURFIC,
Normal upper respiratory flora.,,normal upper respiratory flora.,A_NURF,normal,A_NORMAL,A_NURF,
Ochrobactrum anthropi,,ochrobactrum anthropi,A_OANTHROPI,ochrobactrum,A_OCHROBACTRUM,A_OANTHROPI,
Ochrobactrum sp.,,ochrobactrum sp.,A_OCHROBAC,ochrobactrum,A_OCHROBACTRUM,A_OCHROBAC,
Oral flora,,oral flora,A_OFLORA,,,A_OFLORA,
Paecilomyces lilacinus,,paecilomyces lilacinus,A_PLILACINU,,,FUNGI,
Paecilomyces variotii,,paecilomyces variotii,A_PVARIOTII,,,FUNGI,
PaeniBacillus sp..,,paenibacillus sp.,PAENI,paenibacillus,A_PAENIBACILLUS,PAENI,
Paenibacillus sp.,PAENI,paenibacillus sp.,PAENI,paenibacillus,A_PAENIBACILLUS,PAENI,
Pantoea sp.,PANTO,pantoea sp.,PANTO,pantoea,A_PANTOEA,PANTO,
Pasteurella multocida,PMUL,pasteurella multocida,PMUL,pasteurella,A_PASTEURELLA,PMUL,
Pasteurella sp.,,pasteurella sp.,A_PASTEURE,pasteurella,A_PASTEURELLA,A_PASTEURE,
Penicillium sp.,,penicillium sp.,A_PENICILL,penicillium,A_PENICILLIUM,A_PENICILL,
Peptostreptococcus anaerobius,PANA,peptostreptococcus anaerobius,PANA,streptococcus,A_STREPTOCOCCUS,ANAEROBES,p
Peptostreptococcus sp.,,peptostreptococcus sp.,A_PEPTOSTR,streptococcus,A_STREPTOCOCCUS,ANAEROBES,p
Plesiomonas shigelloides,PSHI,plesiomonas shigelloides,PSHI,,,PSHI,
Prevotella bivia,PBIV,prevotella bivia,PBIV,prevotella,A_PREVOTELLA,ANAEROBES,
Prevotella melaninogenicus,,prevotella melaninogenicus,A_PMELANINO,prevotella,A_PREVOTELLA,ANAEROBES,
Prevotella sp.,,prevotella sp.,A_PREVOTEL,prevotella,A_PREVOTELLA,ANAEROBES,
Propionibacterium acnes,PACN,propionibacterium acnes,PACN,propionibacterium,A_PROPIONIBACTERIUM,PACN,p
Propionibacterium propionicus,,propionibacterium propionicus,A_PPROPIONI,propionibacterium,A_PROPIONIBACTERIUM,A_PPROPIONI,p
Propionibacterium sp.,PROPI,propionibacterium sp.,PROPI,propionibacterium,A_PROPIONIBACTERIUM,PROPI,p
Proteus mirabilis,PMIR,proteus mirabilis,PMIR,proteus,A_PROTEUS,PMIR,n
Proteus sp.,PROTE,proteus sp.,PROTE,proteus,A_PROTEUS,PROTE,n
Proteus vulgaris,PVUL,proteus vulgaris,PVUL,proteus,A_PROTEUS,PVUL,n
Providencia rettgeri,PRET,providencia rettgeri,PRET,providencia,A_PROVIDENCIA,PRET,
Providencia sp.,,providencia sp.,A_PROVIDEN,providencia,A_PROVIDENCIA,A_PROVIDEN,
Providencia stuartii,PSTUA,providencia stuartii,PSTUA,providencia,A_PROVIDENCIA,PSTUA,
Pseudomonas (second type),PSEUD2,pseudomonas,PSEUD,pseudomonas,A_PSEUDOMONAS,PSEUD,n
Pseudomonas aeruginosa,PAER,pseudomonas aeruginosa,PAER,pseudomonas,A_PSEUDOMONAS,PAER,n
Pseudomonas aeruginosa (second type),PAER2,pseudomonas aeruginosa,PAER,pseudomonas,A_PSEUDOMONAS,PAER,n
Pseudomonas alcaligenes,,pseudomonas alcaligenes,A_PALCALIGE,pseudomonas,A_PSEUDOMONAS,A_PALCALIGE,n
Pseudomonas fluorescens,,pseudomonas fluorescens,A_PFLUORESC,pseudomonas,A_PSEUDOMONAS,A_PFLUORESC,n
Pseudomonas luteola,PLUT,pseudomonas luteola,PLUT,pseudomonas,A_PSEUDOMONAS,PLUT,n
Pseudomonas orizyhabitans,PORI,pseudomonas orizyhabitans,PORI,pseudomonas,A_PSEUDOMONAS,PORI,n
Pseudomonas putida,PPUT,pseudomonas putida,PPUT,pseudomonas,A_PSEUDOMONAS,PPUT,n
Pseudomonas sp.,PSEUD,pseudomonas sp.,PSEUD,pseudomonas,A_PSEUDOMONAS,PSEUD,n
Pseudomonas stutzeri,PSTU,pseudomonas stutzeri,PSTU,pseudomonas,A_PSEUDOMONAS,PSTU,n
Ralstonia pickettii,,ralstonia pickettii,A_RPICKETTI,,,A_RPICKETTI,
Raoultella ornithinolytica,RORN,raoultella ornithinolytica,RORN,raoultella,A_RAOULTELLA,RORN,
Raoultella sp.,,raoultella sp.,A_RAOULTEL,raoultella,A_RAOULTELLA,A_RAOULTEL,
Raoultella terrigena,,raoultella terrigena,A_RTERRIGEN,raoultella,A_RAOULTELLA,A_RTERRIGEN,
Rhizobium radiobacter,RRAD,rhizobium radiobacter,RRAD,,,RRAD,
Rhizopus arrhizus,,rhizopus arrhizus,A_RARRHIZUS,rhizopus,A_RHIZOPUS,A_RARRHIZUS,
Rhizopus sp,,rhizopus sp.,A_RHIZOPUS,rhizopus,A_RHIZOPUS,FUNGI,
Rhodococcus sp.,,rhodococcus sp.,A_RHODOCOC,rhodococcus,A_RHODOCOCCUS,A_RHODOCOC,
Rhodotorula minuta,,rhodotorula minuta,A_RMINUTA,rhodotorula,A_RHODOTORULA,FUNGI,
Rhodotorula mucilaginosa,,rhodotorula mucilaginosa,A_RMUCILAGI,rhodotorula,A_RHODOTORULA,FUNGI,
Rhodotorula sp,,rhodotorula sp.,A_RHODOTOR,rhodotorula,A_RHODOTORULA,FUNGI,
Rothia mucilaginosa,RMUC,rothia mucilaginosa,RMUC,rothia,A_ROTHIA,RMUC,
Rothia sp.,ROTH,rothia sp.,ROTH,rothia,A_ROTHIA,ROTH,
Saccharomyces cervisiae,,saccharomyces cervisiae,A_SCERVISIA,,,FUNGI,
Salmonella newport,,salmonella newport,A_SNEWPORT,salmonella,A_SALMONELLA,A_SNEWPORT,n
Salmonella paratyphi A,,salmonella paratyphi a,A_SPA,salmonella,A_SALMONELLA,A_SPA,n
Salmonella sp.,SALMO,salmonella sp.,SALMO,salmonella,A_SALMONELLA,SALMO,n
Salmonella typhi,,salmonella typhi,A_STYPHI,salmonella,A_SALMONELLA,A_STYPHI,n
Salmonella typhimurium,,salmonella typhimurium,A_STYPHIMUR,salmonella,A_SALMONELLA,A_STYPHIMUR,n
"Salmonella, Shigella, Campylobacter NOT isolated",,"salmonella, shigella, campylobacter not isolated",A_SSCNI,shigella,A_SHIGELLA,A_SSCNI,n
Scedosporium apiospermum,,scedosporium apiospermum,A_SAPIOSPER,scedosporium,A_SCEDOSPORIUM,A_SAPIOSPER,
Serratia liquifaciens,SLIQ,serratia liquifaciens,SLIQ,serratia,A_SERRATIA,SLIQ,n
Serratia marcescens,SMAR,serratia marcescens,SMAR,serratia,A_SERRATIA,SMAR,n
Serratia odorifera,,serratia odorifera,A_SODORIFER,serratia,A_SERRATIA,A_SODORIFER,n
Serratia sp.,SERRA,serratia sp.,SERRA,serratia,A_SERRATIA,SERRA,n
Shigella boydii,,shigella boydii,A_SBOYDII,shigella,A_SHIGELLA,A_SBOYDII,n
Shigella dysenteriae,,shigella dysenteriae,A_SDYSENTER,shigella,A_SHIGELLA,A_SDYSENTER,n
Shigella flexneri,SFLE,shigella flexneri,SFLE,shigella,A_SHIGELLA,SFLE,n
Shigella sonnei,SSON,shigella sonnei,SSON,shigella,A_SHIGELLA,SSON,n
Shigella sp.,SHIGE,shigella sp.,SHIGE,shigella,A_SHIGELLA,SHIGE,n
Skin Flora,,skin flora,A_SFLORA,,,A_SFLORA,
Sphingomonas paucimobilis,,sphingomonas paucimobilis,A_SPAUCIMOB,sphingomonas,A_SPHINGOMONAS,A_SPAUCIMOB,
Sphingomonas sp,,sphingomonas sp.,A_SPHINGOM,sphingomonas,A_SPHINGOMONAS,A_SPHINGOM,
Sphingomonas sp.,,sphingomonas sp.,A_SPHINGOM,sphingomonas,A_SPHINGOMONAS,A_SPHINGOM,
Sporotrichum sp.,,sporotrichum sp.,A_SPOROTRI,sporotrichum,A_SPOROTRICHUM,A_SPOROTRI,
Staphylococcus aureus,SAUR,staphylococcus aureus,SAUR,staphylococcus,A_STAPHYLOCOCCUS,SAUR,p
Staphylococcus aureus (second type),SAUR2,staphylococcus aureus,SAUR,staphylococcus,A_STAPHYLOCOCCUS,SAUR,p
Staphylococcus epidermidis,SEPI,staphylococcus epidermidis,SEPI,staphylococcus,A_STAPHYLOCOCCUS,SEPI,p
Staphylococcus haemolyticus,SHAEM,staphylococcus haemolyticus,SHAEM,staphylococcus,A_STAPHYLOCOCCUS,SHAEM,p
Staphylococcus lugdunensis,SLUG,staphylococcus lugdunensis,SLUG,staphylococcus,A_STAPHYLOCOCCUS,SLUG,p
Staphylococcus saprophyticus,SSAP,staphylococcus saprophyticus,SSAP,staphylococcus,A_STAPHYLOCOCCUS,SSAP,p
Staphylococcus sp (second type),,staphylococcus sp.,STAPH,staphylococcus,A_STAPHYLOCOCCUS,STAPH,p
Staphylococcus sp.,STAPH,staphylococcus sp.,STAPH,staphylococcus,A_STAPHYLOCOCCUS,STAPH,p
Stenotrophomonas maltophilia,SMAL,stenotrophomonas maltophilia,SMAL,,,SMAL,
Streptococcus agalactiae,SAGA,streptococcus agalactiae,SAGA,streptococcus,A_STREPTOCOCCUS,SG_B,p
Streptococcus anginosus,SANG,streptococcus anginosus,SANG,streptococcus,A_STREPTOCOCCUS,S_MILLERI,p
Streptococcus bovis,,streptococcus bovis,A_SBOVIS,streptococcus,A_STREPTOCOCCUS,SG_D,p
Streptococcus constellatus,SCON,streptococcus constellatus,SCON,streptococcus,A_STREPTOCOCCUS,S_MILLERI,p
Streptococcus dysgalactiae ssp equisimilis,SDYSEQ,streptococcus dysgalactiae ssp equisimilis,SDYSEQ,streptococcus,A_STREPTOCOCCUS,SG_CG,p
Streptococcus equi,SEQU,streptococcus equi,SEQU,streptococcus,A_STREPTOCOCCUS,SG_CG,p
Streptococcus gordonii,SGOR,streptococcus gordonii,SGOR,streptococcus,A_STREPTOCOCCUS,AHS,p
Streptococcus intermedius,SINT,streptococcus intermedius,SINT,streptococcus,A_STREPTOCOCCUS,S_MILLERI,p
Streptococcus milleri,SMIL,streptococcus milleri,SMIL,streptococcus,A_STREPTOCOCCUS,S_MILLERI,p
Streptococcus milleri group,SMILG,streptococcus milleri group,SMIL,streptococcus,A_STREPTOCOCCUS,S_MILLERI,p
Streptococcus mitis,SMIT,streptococcus mitis,SMIT,streptococcus,A_STREPTOCOCCUS,AHS,p
Streptococcus mutans,,streptococcus mutans,A_SMUTANS,streptococcus,A_STREPTOCOCCUS,AHS,p
Streptococcus oralis,SORA,streptococcus oralis,SORA,streptococcus,A_STREPTOCOCCUS,AHS,p
Streptococcus parasanguis,SPARAS,streptococcus parasanguis,SPARAS,streptococcus,A_STREPTOCOCCUS,AHS,p
Streptococcus pneumoniae,SPNE,streptococcus pneumoniae,SPNE,streptococcus,A_STREPTOCOCCUS,SPNE,p
Streptococcus porcinus,,streptococcus porcinus,A_SPORCINUS,streptococcus,A_STREPTOCOCCUS,AHS,p
Streptococcus pyogenes,SPYO,streptococcus pyogenes,SPYO,streptococcus,A_STREPTOCOCCUS,SG_A,p
Streptococcus salivarius,SSAL,streptococcus salivarius,SSAL,streptococcus,A_STREPTOCOCCUS,AHS,p
Streptococcus sanguis,SSAN,streptococcus sanguis,SSAN,streptococcus,A_STREPTOCOCCUS,AHS,p
Streptococcus sp.,STREP,streptococcus sp.,STREP,streptococcus,A_STREPTOCOCCUS,AHS,p
Streptococcus vestibularis,,streptococcus vestibularis,A_SVESTIBUL,streptococcus,A_STREPTOCOCCUS,AHS,p
Streptococcus viridans,,streptococcus viridans,A_SVIRIDANS,streptococcus,A_STREPTOCOCCUS,AHS,p
Trichosporon asahii,,trichosporon asahii,A_TASAHII,trichosporon,A_TRICHOSPORON,FUNGI,
Trichosporon inkin,,trichosporon inkin,A_TINKIN,trichosporon,A_TRICHOSPORON,FUNGI,
Trichosporon mucoides,,trichosporon mucoides,A_TMUCOIDES,trichosporon,A_TRICHOSPORON,FUNGI,
Vancomycin Resistant Enterococcus,VRE,vancomycin resistant enterococcus,ENTC,enterococcus,A_ENTEROCOCCUS,ENTC,p
Vancomycin Resistant Enterococcus (2nd type),,vancomycin resistant enterococcus,ENTC,enterococcus,A_ENTEROCOCCUS,ENTC,p
Veillonella sp,VEILL,veillonella sp.,VEILL,veillonella,A_VEILLONELLA,ANAEROBES,
Vibrio alginolyticus,,vibrio alginolyticus,A_VALGINOLY,vibrio,A_VIBRIO,A_VALGINOLY,n
Vibrio parahaemolyticus,,vibrio parahaemolyticus,A_VPARAHAEM,vibrio,A_VIBRIO,A_VPARAHAEM,n
Vibrio sp,,vibrio sp.,A_VIBRIO S,vibrio,A_VIBRIO,A_VIBRIO S,n
Vibrio sp.,,vibrio sp.,A_VIBRIO S,vibrio,A_VIBRIO,A_VIBRIO S,n
Viridans streptococcus,VIRST,viridans streptococcus,VIRST,streptococcus,A_STREPTOCOCCUS,AHS,p
Yeast (probably Candida albicans),YSTPCA,yeast,YSTPCA,,,FUNGI,
Yeast: germ tube Negative,GTTN,yeast: germ tube negative,GTTN,,,FUNGI,
Yeasts,YEAST,yeasts,YEAST,,,FUNGI,
Yersinia enterocolitica,YENT,yersinia enterocolitica,YENT,yersinia,A_YERSINIA,YENT,n
Yersinia pseudotuberculosis,,yersinia pseudotuberculosis,A_YPSEUDOTU,yersinia,A_YERSINIA,A_YPSEUDOTU,n
Yersinia sp,,yersinia sp.,A_YERSINIA,yersinia,A_YERSINIA,A_YERSINIA,n
enterobacter sp.,,enterobacter sp.,A_ENTEROBA,enterobacter,A_ENTEROBACTER,A_ENTEROBA,n
escherichia coli,,escherichia coli,A_ECOLI,escherichia,A_ESCHERICHIA,A_ECOLI,n
isolated,,isolated,A_ISOLATED,,,A_ISOLATED,
klebsiella sp.,,klebsiella sp.,KLEBS,klebsiella,A_KLEBSIELLA,KLEBS,n
milleri Streptococci,,milleri streptococcus,SMIL,streptococcus,A_STREPTOCOCCUS,S_MILLERI,p
milleri streptococci,,milleri streptococcus,SMIL,streptococcus,A_STREPTOCOCCUS,S_MILLERI,p
milleri streptococcus,,milleri streptococcus,SMIL,streptococcus,A_STREPTOCOCCUS,S_MILLERI,p
