domain,phylum,class,order,family,genus,species,acronym,exists_in_registry,gram_stain,microorganism_code,microorganism_name
,,,,,Abiotrophia/Granulicatella,species,ABIO_SPEC,False,,Abiotrophia/granulicatella species,Abiotrophia/granulicatella species
Bacteria,Proteobacteria,Gammaproteobacteria,Burkholderiales,Burkholderiaceae,Achromobacter,(alcaligenes) dentrificans,ACHR_(ALC,False,,Achromobacter (alcaligenes) dentrificans,Achromobacter (alcaligenes) dentrificans
Bacteria,Proteobacteria,Gammaproteobacteria,Burkholderiales,Burkholderiaceae,Achromobacter,(alcaligenes) xylosoxidans,ACHR_(ALCA,False,,Achromobacter (alcaligenes) xylosoxidans,Achromobacter (alcaligenes) xylosoxidans
Bacteria,Proteobacteria,Gammaproteobacteria,Burkholderiales,Burkholderiaceae,Achromobacter,(alcaligenes) xylosoxidans ss dentrificans,A_(_X_S_D,False,,Achromobacter (alcaligenes) xylosoxidans ss dentrificans,Achromobacter (alcaligenes) xylosoxidans ss dentrificans
Bacteria,Proteobacteria,Gammaproteobacteria,Burkholderiales,Burkholderiaceae,Achromobacter,sp.,ACHR_SP.,False,,Achromobacter sp.,Achromobacter sp.
Bacteria,Proteobacteria,Gammaproteobacteria,Burkholderiales,Burkholderiaceae,Achromobacter,species,ACHR_SPEC,False,,Achromobacter species,Achromobacter species
Bacteria,Proteobacteria,Gammaproteobacteria,Burkholderiales,Burkholderiaceae,Achromobacter,xylosoxidans,ACHR_XYLO,True,,Achromobacter xylosoxidans,Achromobacter xylosoxidans
Bacteria,Proteobacteria,Gammaproteobacteria,Pseudomonadales,Moraxellaceae,Acinetobacter,baumannii,ACIN_BAUM,True,n,Acinetobacter baumannii,Acinetobacter baumannii
Bacteria,Proteobacteria,Gammaproteobacteria,Pseudomonadales,Moraxellaceae,Acinetobacter,baumannii complex,ACIN_BAUMA,False,,Acinetobacter baumannii complex,Acinetobacter baumannii complex
Bacteria,Proteobacteria,Gammaproteobacteria,Pseudomonadales,Moraxellaceae,Acinetobacter,lwoffii,ACIN_LWOFF,True,,Acinetobacter lwoffii,Acinetobacter lwoffii
Bacteria,Proteobacteria,Gammaproteobacteria,Pseudomonadales,Moraxellaceae,Acinetobacter,radioresistens,ACIN_RADI,True,,Acinetobacter radioresistens,Acinetobacter radioresistens
Bacteria,Proteobacteria,Gammaproteobacteria,Pseudomonadales,Moraxellaceae,Acinetobacter,sp.,ACIN_SP.,False,,Acinetobacter sp.,Acinetobacter sp.
Bacteria,Proteobacteria,Gammaproteobacteria,Enterobacterales,Pasteurellaceae,Actinobacillus,actinomycetemcomitans,ACTI_ACTI,False,,Actinobacillus actinomycetemcomitans,Actinobacillus actinomycetemcomitans
Bacteria,Actinobacteriota,Actinomycetia,Actinomycetales,Actinomycetaceae,Actinomyces,israelii,ACTI_ISRA,True,p,Actinomyces israelii,Actinomyces israelii
Bacteria,Actinobacteriota,Actinomycetia,Actinomycetales,Actinomycetaceae,Actinomyces,naeslundii,ACTI_NAES,True,p,Actinomyces naeslundii,Actinomyces naeslundii
Bacteria,Actinobacteriota,Actinomycetia,Actinomycetales,Actinomycetaceae,Actinomyces,odontolyticus,ACTI_ODON,False,p,Actinomyces odontolyticus,Actinomyces odontolyticus
Bacteria,Actinobacteriota,Actinomycetia,Actinomycetales,Actinomycetaceae,Actinomyces,sp.,ACTI_SP.,False,p,Actinomyces sp.,Actinomyces sp.
Bacteria,Firmicutes,Bacilli,Lactobacillales,Aerococcaceae,Aerococcus,species,AERO_SPEC,False,,Aerococcus species,Aerococcus species
Bacteria,Firmicutes,Bacilli,Lactobacillales,Aerococcaceae,Aerococcus,urinae,AERO_URIN,True,,Aerococcus urinae,Aerococcus urinae
Bacteria,Firmicutes,Bacilli,Lactobacillales,Aerococcaceae,Aerococcus,viridans,AERO_VIRI,True,,Aerococcus viridans,Aerococcus viridans
Bacteria,Proteobacteria,Gammaproteobacteria,Enterobacterales,Aeromonadaceae,Aeromonas,hydrophila,AERO_HYDR,True,,Aeromonas hydrophila,Aeromonas hydrophila
Bacteria,Proteobacteria,Gammaproteobacteria,Enterobacterales,Aeromonadaceae,Aeromonas,hydrophila complex,AERO_HYDRO,False,,Aeromonas hydrophila complex,Aeromonas hydrophila complex
Bacteria,Proteobacteria,Gammaproteobacteria,Enterobacterales,Aeromonadaceae,Aeromonas,species,AERO_SPECI,False,,Aeromonas species,Aeromonas species
Bacteria,Proteobacteria,Gammaproteobacteria,Enterobacterales,Pasteurellaceae,Aggregatibacter,(haemophilus) aphrophilus,AGGR_(HAE,False,,Aggregatibacter (haemophilus) aphrophilus,Aggregatibacter (haemophilus) aphrophilus
Bacteria,Proteobacteria,Alphaproteobacteria,Rhizobiales,Rhizobiaceae,Agrobacterium,radiobacter,AGRO_RADI,False,,Agrobacterium radiobacter,Agrobacterium radiobacter
Bacteria,Proteobacteria,Gammaproteobacteria,Burkholderiales,Burkholderiaceae,Alcaligenes,faecalis,ALCA_FAEC,True,,Alcaligenes faecalis,Alcaligenes faecalis
Bacteria,Proteobacteria,Gammaproteobacteria,Burkholderiales,Burkholderiaceae,Alcaligenes,species,ALCA_SPEC,False,,Alcaligenes species,Alcaligenes species
Bacteria,Proteobacteria,Gammaproteobacteria,Burkholderiales,Burkholderiaceae,Alcaligenes,xylosoxidans,ALCA_XYLO,False,,Alcaligenes xylosoxidans,Alcaligenes xylosoxidans
,,,,,Anaerobic,gram negative rod(s),A_G_N_R,False,,Anaerobic gram negative rod(s),Anaerobic gram negative rod(s)
,,,,,Anaerobic,gram positive coccus(i),A_G_P_C,False,,Anaerobic gram positive coccus(i),Anaerobic gram positive coccus(i)
,,,,,Anaerobic,gram positive rod(s),A_G_P_R,False,,Anaerobic gram positive rod(s),Anaerobic gram positive rod(s)
Bacteria,Firmicutes,Bacilli,Bacillales,Bacillaceae,Bacillus,cereus/thuringiensis,BACI_CEREU,False,p,Bacillus cereus/thuringiensis,Bacillus cereus/thuringiensis
Bacteria,Firmicutes,Bacilli,Bacillales,Bacillaceae,Bacillus,circulans group,BACI_CIRCU,False,p,Bacillus circulans group,Bacillus circulans group
Bacteria,Firmicutes,Bacilli,Bacillales,Bacillaceae,Bacillus,species; not anthracis,B_S_N_A,False,p,Bacillus species; not anthracis,Bacillus species; not anthracis
Bacteria,Firmicutes,Bacilli,Bacillales,Bacillaceae,Bacillus,subtilis ,BACI_SUBTIL,False,p,Bacillus subtilis ,Bacillus subtilis 
Bacteria,Bacteroidota,Bacteroidia,Bacteroidales,Bacteroidaceae,Bacteroides,dorei/vulgatus,BACT_DORE,False,n,Bacteroides dorei/vulgatus,Bacteroides dorei/vulgatus
Bacteria,Bacteroidota,Bacteroidia,Bacteroidales,Bacteroidaceae,Bacteroides,fragilis group,BACT_FRAGI,False,n,Bacteroides fragilis group,Bacteroides fragilis group
,,,,,Beta,streptococcus group a,B_S_G_A,False,,Beta streptococcus group a,Beta streptococcus group a
,,,,,Beta,streptococcus group b,B_S_G_B,False,,Beta streptococcus group b,Beta streptococcus group b
,,,,,Beta,streptococcus group c,B_S_G_C,False,,Beta streptococcus group c,Beta streptococcus group c
,,,,,Beta,streptococcus group g,B_S_G_G,False,,Beta streptococcus group g,Beta streptococcus group g
Bacteria,Actinobacteriota,Actinomycetia,Actinomycetales,Bifidobacteriaceae,Bifidobacterium,longum,BIFI_LONG,True,,Bifidobacterium longum,Bifidobacterium longum
Bacteria,Proteobacteria,Alphaproteobacteria,Caulobacterales,Caulobacteraceae,Brevundimonas,vesicularis,BREV_VESI,True,,Brevundimonas vesicularis,Brevundimonas vesicularis
Bacteria,Proteobacteria,Gammaproteobacteria,Burkholderiales,Burkholderiaceae,Burkholderia,cepacia,BURK_CEPA,True,n,Burkholderia cepacia,Burkholderia cepacia
Bacteria,Proteobacteria,Gammaproteobacteria,Burkholderiales,Burkholderiaceae,Burkholderia,cepacia group,BURK_CEPAC,False,,Burkholderia cepacia group,Burkholderia cepacia group
Bacteria,Proteobacteria,Gammaproteobacteria,Burkholderiales,Burkholderiaceae,Burkholderia,species,BURK_SPEC,False,,Burkholderia species,Burkholderia species
Bacteria,Proteobacteria,Gammaproteobacteria,Burkholderiales,Burkholderiaceae,Burkholderia,xenovorans,BURK_XENO,False,,Burkholderia xenovorans,Burkholderia xenovorans
Bacteria,Campylobacterota,Campylobacteria,Campylobacterales,Campylobacteraceae,Campylobacter,ureolyticus,CAMP_UREO,True,n,Campylobacter ureolyticus,Campylobacter ureolyticus
,,,,,Cancelled,,CANCELLED,False,,Cancelled,Cancelled
,,,,,Candida,"albicans, presumptive identification",C_A_P_I,False,,"Candida albicans, presumptive identification","Candida albicans, presumptive identification"
Bacteria,Proteobacteria,Gammaproteobacteria,Cardiobacteriales,Cardiobacteriaceae,Cardiobacterium,hominis,CARD_HOMI,True,n,Cardiobacterium hominis,Cardiobacterium hominis
Bacteria,Bacteroidota,Bacteroidia,Flavobacteriales,Weeksellaceae,Chryseobacterium,indologenes,CHRY_INDO,True,,Chryseobacterium indologenes,Chryseobacterium indologenes
Bacteria,Proteobacteria,Gammaproteobacteria,Enterobacterales,Enterobacteriaceae,Citrobacter,amalonaticus,CITR_AMAL,True,,Citrobacter amalonaticus,Citrobacter amalonaticus
Bacteria,Proteobacteria,Gammaproteobacteria,Enterobacterales,Enterobacteriaceae,Citrobacter,freundii complex,CITR_FREUN,False,,Citrobacter freundii complex,Citrobacter freundii complex
Bacteria,Proteobacteria,Gammaproteobacteria,Enterobacterales,Enterobacteriaceae,Citrobacter,koseri,CITR_KOSE,True,,Citrobacter koseri,Citrobacter koseri
Bacteria,Proteobacteria,Gammaproteobacteria,Enterobacterales,Enterobacteriaceae,Citrobacter,sedlakii,CITR_SEDL,True,,Citrobacter sedlakii,Citrobacter sedlakii
Bacteria,Proteobacteria,Gammaproteobacteria,Enterobacterales,Enterobacteriaceae,Citrobacter,species,CITR_SPEC,False,,Citrobacter species,Citrobacter species
Bacteria,Proteobacteria,Gammaproteobacteria,Enterobacterales,Enterobacteriaceae,Citrobacter,youngae,CITR_YOUN,True,,Citrobacter youngae,Citrobacter youngae
Bacteria,Firmicutes,Clostridia,Peptostreptococcales,Natronincolaceae,Clostridium,difficile,CLOS_DIFFIC,False,p,Clostridium difficile,Clostridium difficile
Bacteria,Firmicutes,Clostridia,Peptostreptococcales,Natronincolaceae,Clostridium,perfringens,CLOS_PERF,True,p,Clostridium perfringens,Clostridium perfringens
Bacteria,Firmicutes,Clostridia,Peptostreptococcales,Natronincolaceae,Clostridium,ramosum,CLOS_RAMO,True,p,Clostridium ramosum,Clostridium ramosum
Bacteria,Firmicutes,Clostridia,Peptostreptococcales,Natronincolaceae,Clostridium,saudiense,CLOS_SAUD,True,p,Clostridium saudiense,Clostridium saudiense
Bacteria,Firmicutes,Clostridia,Peptostreptococcales,Natronincolaceae,Clostridium,septicum,CLOS_SEPT,True,p,Clostridium septicum,Clostridium septicum
Bacteria,Firmicutes,Clostridia,Peptostreptococcales,Natronincolaceae,Clostridium,tertium,CLOS_TERT,True,p,Clostridium tertium,Clostridium tertium
Bacteria,Actinobacteriota,Actinomycetia,Mycobacteriales,Mycobacteriaceae,Corynebacterium,accolans (cdc group 6),C_A_(_G_6,False,p,Corynebacterium accolans (cdc group 6),Corynebacterium accolans (cdc group 6)
Bacteria,Actinobacteriota,Actinomycetia,Mycobacteriales,Mycobacteriaceae,Corynebacterium,glucuronolyticum,CORY_GLUC,True,p,Corynebacterium glucuronolyticum,Corynebacterium glucuronolyticum
Bacteria,Actinobacteriota,Actinomycetia,Mycobacteriales,Mycobacteriaceae,Corynebacterium,jeikeium (c.d.c. group jk),C_J_(_G_J,False,p,Corynebacterium jeikeium (c.d.c. group jk),Corynebacterium jeikeium (c.d.c. group jk)
Bacteria,Actinobacteriota,Actinomycetia,Mycobacteriales,Mycobacteriaceae,Corynebacterium,species (diphtheroids),CORY_SPEC,False,p,Corynebacterium species (diphtheroids),Corynebacterium species (diphtheroids)
Bacteria,Actinobacteriota,Actinomycetia,Mycobacteriales,Mycobacteriaceae,Corynebacterium,striatum,CORY_STRI,True,p,Corynebacterium striatum,Corynebacterium striatum
Bacteria,Actinobacteriota,Actinomycetia,Mycobacteriales,Mycobacteriaceae,Corynebacterium,urealyticum sp. nov.,C_U_S_N,False,p,Corynebacterium urealyticum sp. nov.,Corynebacterium urealyticum sp. nov.
,,,,,Corynebcaterium,amycolatum,CORY_AMYCO,False,,Corynebcaterium amycolatum,Corynebcaterium amycolatum
Bacteria,Proteobacteria,Gammaproteobacteria,Enterobacterales,Enterobacteriaceae,Cronobacter,(enterobacter) sakazakii,CRON_(ENT,False,,Cronobacter (enterobacter) sakazakii,Cronobacter (enterobacter) sakazakii
Bacteria,Proteobacteria,Gammaproteobacteria,Burkholderiales,Burkholderiaceae,Cupriavidus,metallidurans,CUPR_META,True,,Cupriavidus metallidurans,Cupriavidus metallidurans
Bacteria,Proteobacteria,Gammaproteobacteria,Burkholderiales,Burkholderiaceae,Cupriavidus,pauculus,CUPR_PAUC,True,,Cupriavidus pauculus,Cupriavidus pauculus
Bacteria,Actinobacteriota,Actinomycetia,Propionibacteriales,Propionibacteriaceae,Cutibacterium,acnes,CUTI_ACNE,True,p,Cutibacterium acnes,Cutibacterium acnes
Bacteria,Actinobacteriota,Actinomycetia,Propionibacteriales,Propionibacteriaceae,Cutibacterium,avidum,CUTI_AVID,True,p,Cutibacterium avidum,Cutibacterium avidum
,,,,,Delftia,acidovorans,DELF_ACID,True,p,Delftia acidovorans,Delftia acidovorans
Bacteria,Desulfobacterota,Desulfovibrionia,Desulfovibrionales,Desulfovibrionaceae,Desulfovibrio,desulfuricans,DESU_DESU,True,,Desulfovibrio desulfuricans,Desulfovibrio desulfuricans
Bacteria,Desulfobacterota,Desulfovibrionia,Desulfovibrionales,Desulfovibrionaceae,Desulfovibrio,legallii,DESU_LEGA,True,,Desulfovibrio legallii,Desulfovibrio legallii
Bacteria,Firmicutes,Negativicutes,Veillonellales,Dialisteraceae,Dialister,micraerophilus,DIAL_MICR,True,n,Dialister micraerophilus,Dialister micraerophilus
Bacteria,Proteobacteria,Gammaproteobacteria,Burkholderiales,Neisseriaceae,Eikenella,corrodens,EIKE_CORR,True,,Eikenella corrodens,Eikenella corrodens
Bacteria,Bacteroidota,Bacteroidia,Flavobacteriales,Weeksellaceae,Elizabethkingia,(chryseobacterium) menigoseptica,ELIZ_(CHR,False,,Elizabethkingia (chryseobacterium) menigoseptica,Elizabethkingia (chryseobacterium) menigoseptica
Bacteria,Proteobacteria,Gammaproteobacteria,Enterobacterales,Enterobacteriaceae,Enterobacter,aerogenes,ENTE_AERO,True,n,Enterobacter aerogenes,Enterobacter aerogenes
Bacteria,Proteobacteria,Gammaproteobacteria,Enterobacterales,Enterobacteriaceae,Enterobacter,amnigenus 2 ,ENTE_AMNI,False,n,Enterobacter amnigenus 2 ,Enterobacter amnigenus 2 
Bacteria,Proteobacteria,Gammaproteobacteria,Enterobacterales,Enterobacteriaceae,Enterobacter,asburiae,ENTE_ASBU,True,n,Enterobacter asburiae,Enterobacter asburiae
Bacteria,Proteobacteria,Gammaproteobacteria,Enterobacterales,Enterobacteriaceae,Enterobacter,cancerogenus,ENTE_CANC,True,n,Enterobacter cancerogenus,Enterobacter cancerogenus
Bacteria,Proteobacteria,Gammaproteobacteria,Enterobacterales,Enterobacteriaceae,Enterobacter,cloacae,ENTE_CLOA,True,n,Enterobacter cloacae,Enterobacter cloacae
Bacteria,Proteobacteria,Gammaproteobacteria,Enterobacterales,Enterobacteriaceae,Enterobacter,cloacae complex,ENTE_CLOAC,False,n,Enterobacter cloacae complex,Enterobacter cloacae complex
Bacteria,Proteobacteria,Gammaproteobacteria,Enterobacterales,Enterobacteriaceae,Enterobacter,gergoviae,ENTE_GERG,False,n,Enterobacter gergoviae,Enterobacter gergoviae
Bacteria,Proteobacteria,Gammaproteobacteria,Enterobacterales,Enterobacteriaceae,Enterobacter,species,ENTE_SPEC,False,n,Enterobacter species,Enterobacter species
,,,,,Enterobacteriaceae,,ENTEROBACTERIACEAE,False,,Enterobacteriaceae,Enterobacteriaceae
Bacteria,Firmicutes,Bacilli,Lactobacillales,Enterococcaceae,Enterococcus,avium,ENTE_AVIU,True,p,Enterococcus avium,Enterococcus avium
Bacteria,Firmicutes,Bacilli,Lactobacillales,Enterococcaceae,Enterococcus,casseliflavus,ENTE_CASS,True,p,Enterococcus casseliflavus,Enterococcus casseliflavus
Bacteria,Firmicutes,Bacilli,Lactobacillales,Enterococcaceae,Enterococcus,durans,ENTE_DURA,True,p,Enterococcus durans,Enterococcus durans
Bacteria,Firmicutes,Bacilli,Lactobacillales,Enterococcaceae,Enterococcus,faecalis,ENTE_FAEC,True,p,Enterococcus faecalis,Enterococcus faecalis
Bacteria,Firmicutes,Bacilli,Lactobacillales,Enterococcaceae,Enterococcus,faecium,ENTE_FAECI,True,p,Enterococcus faecium,Enterococcus faecium
Bacteria,Firmicutes,Bacilli,Lactobacillales,Enterococcaceae,Enterococcus,gallinarum,ENTE_GALL,True,p,Enterococcus gallinarum,Enterococcus gallinarum
Bacteria,Firmicutes,Bacilli,Lactobacillales,Enterococcaceae,Enterococcus,hirae,ENTE_HIRA,True,p,Enterococcus hirae,Enterococcus hirae
Bacteria,Firmicutes,Bacilli,Lactobacillales,Enterococcaceae,Enterococcus,raffinosus,ENTE_RAFF,True,p,Enterococcus raffinosus,Enterococcus raffinosus
Bacteria,Firmicutes,Bacilli,Lactobacillales,Enterococcaceae,Enterococcus,sp.,ENTE_SP.,False,p,Enterococcus sp.,Enterococcus sp.
Bacteria,Proteobacteria,Gammaproteobacteria,Enterobacterales,Enterobacteriaceae,Escherichia,coli,ESCH_COLI,True,n,Escherichia coli,Escherichia coli
Bacteria,Proteobacteria,Gammaproteobacteria,Enterobacterales,Enterobacteriaceae,Escherichia,coli o157:h7,ESCHE_COLI,False,n,Escherichia coli o157:h7,Escherichia coli o157:h7
Bacteria,Proteobacteria,Gammaproteobacteria,Enterobacterales,Enterobacteriaceae,Escherichia,fergusonii,ESCH_FERG,True,n,Escherichia fergusonii,Escherichia fergusonii
Bacteria,Proteobacteria,Gammaproteobacteria,Enterobacterales,Enterobacteriaceae,Escherichia,hermannii,ESCH_HERMA,True,n,Escherichia hermannii,Escherichia hermannii
Bacteria,Proteobacteria,Gammaproteobacteria,Enterobacterales,Enterobacteriaceae,Escherichia,species,ESCH_SPEC,False,n,Escherichia species,Escherichia species
Bacteria,Proteobacteria,Gammaproteobacteria,Enterobacterales,Enterobacteriaceae,Escherichia,vulneris,ESCH_VULN,False,n,Escherichia vulneris,Escherichia vulneris
Bacteria,Fusobacteriota,Fusobacteriia,Fusobacteriales,Fusobacteriaceae,Fusobacterium,nucleatum,FUSO_NUCL,True,n,Fusobacterium nucleatum,Fusobacterium nucleatum
,,,,,Gamma(I.E.,non-hemolytic) streptococcus,GAMM_NON-,False,,Gamma(i.e. non-hemolytic) streptococcus,Gamma(i.e. non-hemolytic) streptococcus
Bacteria,Firmicutes,Bacilli,Staphylococcales,Gemellaceae,Gemella,bergeri,GEME_BERG,True,,Gemella bergeri,Gemella bergeri
Bacteria,Firmicutes,Bacilli,Staphylococcales,Gemellaceae,Gemella,species,GEME_SPEC,False,,Gemella species,Gemella species
,,,,,Gram,negative rod #2,G_N_R_#,False,,Gram negative rod #2,Gram negative rod #2
,,,,,Gram,negative rod(s),GRAM_NEGA,False,,Gram negative rod(s),Gram negative rod(s)
,,,,,Gram,positive bacteria,GRAM_POSI,False,,Gram positive bacteria,Gram positive bacteria
,,,,,Gram,positive coccus(cocci),GRAM_POSIT,False,,Gram positive coccus(cocci),Gram positive coccus(cocci)
,,,,,Gram,positive rods,GRAM_POSITI,False,,Gram positive rods,Gram positive rods
Bacteria,Proteobacteria,Gammaproteobacteria,Enterobacterales,Pasteurellaceae,Haemophilus,"influenzae, beta-lactamase negative",H_I_B_N,False,,"Haemophilus influenzae, beta-lactamase negative","Haemophilus influenzae, beta-lactamase negative"
Bacteria,Proteobacteria,Gammaproteobacteria,Enterobacterales,Pasteurellaceae,Haemophilus,"influenzae, beta-lactamase positive",H_I_B_P,False,,"Haemophilus influenzae, beta-lactamase positive","Haemophilus influenzae, beta-lactamase positive"
Bacteria,Proteobacteria,Gammaproteobacteria,Enterobacterales,Pasteurellaceae,Haemophilus,parainfluenzae,HAEM_PARAI,True,,Haemophilus parainfluenzae,Haemophilus parainfluenzae
Bacteria,Proteobacteria,Gammaproteobacteria,Enterobacterales,Enterobacteriaceae,Hafnia,alvei,HAFN_ALVE,True,,Hafnia alvei,Hafnia alvei
,,,,,Herbaspirillum,species,HERB_SPEC,False,,Herbaspirillum species,Herbaspirillum species
Bacteria,Proteobacteria,Gammaproteobacteria,Burkholderiales,Neisseriaceae,Kingella,species,KING_SPEC,False,,Kingella species,Kingella species
Bacteria,Proteobacteria,Gammaproteobacteria,Enterobacterales,Enterobacteriaceae,Klebsiella,(raoultella) ornithinolytica,KLEB_(RAO,False,n,Klebsiella (raoultella) ornithinolytica,Klebsiella (raoultella) ornithinolytica
Bacteria,Proteobacteria,Gammaproteobacteria,Enterobacterales,Enterobacteriaceae,Klebsiella,(raoultella) planticola,KLEB_(RAOU,False,n,Klebsiella (raoultella) planticola,Klebsiella (raoultella) planticola
Bacteria,Proteobacteria,Gammaproteobacteria,Enterobacterales,Enterobacteriaceae,Klebsiella,oxytoca,KLEB_OXYT,True,n,Klebsiella oxytoca,Klebsiella oxytoca
Bacteria,Proteobacteria,Gammaproteobacteria,Enterobacterales,Enterobacteriaceae,Klebsiella,pneumoniae,KLEB_PNEU,True,n,Klebsiella pneumoniae,Klebsiella pneumoniae
Bacteria,Proteobacteria,Gammaproteobacteria,Enterobacterales,Enterobacteriaceae,Klebsiella,species,KLEB_SPEC,False,n,Klebsiella species,Klebsiella species
Bacteria,Proteobacteria,Gammaproteobacteria,Enterobacterales,Enterobacteriaceae,Kluyvera,species,KLUY_SPEC,False,n,Kluyvera species,Kluyvera species
Bacteria,Actinobacteriota,Actinomycetia,Actinomycetales,Micrococcaceae,Kocuria,kristinae,KOCU_KRIS,False,,Kocuria kristinae,Kocuria kristinae
Bacteria,Firmicutes,Bacilli,Lactobacillales,Lactobacillaceae,Lactobacillus,casei/paracasei/zeae,LACT_CASEI/,False,p,Lactobacillus casei/paracasei/zeae,Lactobacillus casei/paracasei/zeae
Bacteria,Firmicutes,Bacilli,Lactobacillales,Lactobacillaceae,Lactobacillus,fermentum,LACT_FERM,False,p,Lactobacillus fermentum,Lactobacillus fermentum
Bacteria,Firmicutes,Bacilli,Lactobacillales,Lactobacillaceae,Lactobacillus,rhamnosus,LACT_RHAMN,True,p,Lactobacillus rhamnosus,Lactobacillus rhamnosus
Bacteria,Firmicutes,Bacilli,Lactobacillales,Lactobacillaceae,Lactobacillus,species,LACT_SPEC,False,p,Lactobacillus species,Lactobacillus species
Bacteria,Firmicutes,Bacilli,Lactobacillales,Streptococcaceae,Lactococcus,species,LACT_SPECI,False,,Lactococcus species,Lactococcus species
Bacteria,Proteobacteria,Gammaproteobacteria,Enterobacterales,Enterobacteriaceae,Leclercia,adecarboxylata,LECL_ADEC,True,,Leclercia adecarboxylata,Leclercia adecarboxylata
Bacteria,Fusobacteriota,Fusobacteriia,Fusobacteriales,Leptotrichiaceae,Leptotrichia,species,LEPT_SPEC,False,n,Leptotrichia species,Leptotrichia species
Bacteria,Fusobacteriota,Fusobacteriia,Fusobacteriales,Leptotrichiaceae,Leptotrichia,trevisanii,LEPT_TREV,True,n,Leptotrichia trevisanii,Leptotrichia trevisanii
Bacteria,Firmicutes,Bacilli,Lactobacillales,Lactobacillaceae,Leuconostoc,species,LEUC_SPEC,False,,Leuconostoc species,Leuconostoc species
Bacteria,Firmicutes,Bacilli,Lactobacillales,Listeriaceae,Listeria,monocytogenes,LIST_MONO,True,p,Listeria monocytogenes,Listeria monocytogenes
,,,,,Mixed,bacterial flora,MIXE_BACT,False,,Mixed bacterial flora,Mixed bacterial flora
Bacteria,Proteobacteria,Gammaproteobacteria,Pseudomonadales,Moraxellaceae,Moraxella,catarrhalis,MORA_CATA,True,n,Moraxella catarrhalis,Moraxella catarrhalis
Bacteria,Proteobacteria,Gammaproteobacteria,Pseudomonadales,Moraxellaceae,Moraxella,nonliquifaciens ,MORA_NONLI,False,n,Moraxella nonliquifaciens ,Moraxella nonliquifaciens 
Bacteria,Proteobacteria,Gammaproteobacteria,Pseudomonadales,Moraxellaceae,Moraxella,osloensis,MORA_OSLO,True,n,Moraxella osloensis,Moraxella osloensis
Bacteria,Proteobacteria,Gammaproteobacteria,Enterobacterales,Enterobacteriaceae,Morganella,morganii,MORG_MORG,True,n,Morganella morganii,Morganella morganii
Bacteria,Proteobacteria,Gammaproteobacteria,Burkholderiales,Neisseriaceae,Neisseria,gonorrhoeae,NEIS_GONO,True,n,Neisseria gonorrhoeae,Neisseria gonorrhoeae
,,,,,"Non-Fermenter,",not pseudomonas aeruginosa,N_N_P_A,False,,"Non-fermenter, not pseudomonas aeruginosa","Non-fermenter, not pseudomonas aeruginosa"
Bacteria,Proteobacteria,Alphaproteobacteria,Rhizobiales,Rhizobiaceae,Ochrobactrum,anthropi,OCHR_ANTH,True,,Ochrobactrum anthropi,Ochrobactrum anthropi
Bacteria,Proteobacteria,Alphaproteobacteria,Rhizobiales,Rhizobiaceae,Ochrobactrum,intermedium,OCHR_INTE,True,,Ochrobactrum intermedium,Ochrobactrum intermedium
Bacteria,Proteobacteria,Alphaproteobacteria,Rhizobiales,Rhizobiaceae,Ochrobactrum,species,OCHR_SPEC,False,,Ochrobactrum species,Ochrobactrum species
Bacteria,Firmicutes,Bacilli,Paenibacillales,Paenibacillaceae,Paenibacillus,species,PAEN_SPEC,False,,Paenibacillus species,Paenibacillus species
Bacteria,Proteobacteria,Gammaproteobacteria,Enterobacterales,Enterobacteriaceae,Pantoea,(enterobacter) agglomerans,PANT_(ENT,False,,Pantoea (enterobacter) agglomerans,Pantoea (enterobacter) agglomerans
Bacteria,Proteobacteria,Gammaproteobacteria,Enterobacterales,Enterobacteriaceae,Pantoea,species,PANT_SPEC,False,,Pantoea species,Pantoea species
Bacteria,Proteobacteria,Gammaproteobacteria,Enterobacterales,Pasteurellaceae,Pasteurella,canis,PAST_CANI,True,,Pasteurella canis,Pasteurella canis
Bacteria,Proteobacteria,Gammaproteobacteria,Enterobacterales,Pasteurellaceae,Pasteurella,multocida,PAST_MULT,True,,Pasteurella multocida,Pasteurella multocida
Bacteria,Proteobacteria,Gammaproteobacteria,Enterobacterales,Pasteurellaceae,Pasteurella,species,PAST_SPEC,False,,Pasteurella species,Pasteurella species
Bacteria,Firmicutes,Clostridia,Tissierellales,Peptoniphilaceae,Peptoniphilus,(peptostreptococcus) species,PEPT_(PEP,False,,Peptoniphilus (peptostreptococcus) species,Peptoniphilus (peptostreptococcus) species
Bacteria,Proteobacteria,Gammaproteobacteria,Enterobacterales,Enterobacteriaceae,Plesiomonas,shigelloides,PLES_SHIG,True,n,Plesiomonas shigelloides,Plesiomonas shigelloides
,,,,,Positive,for group b beta streptococci,P_F_G_B_B_S,False,,Positive for group b beta streptococci,Positive for group b beta streptococci
,,,,,Positive,for methicillin resistant staph aureus,P_F_M_R_S_A,False,,Positive for methicillin resistant staph aureus,Positive for methicillin resistant staph aureus
,,,,,Presumptive,gardnerella vaginalis,PRES_GARD,False,,Presumptive gardnerella vaginalis,Presumptive gardnerella vaginalis
,,,,,Presumptive,peptostreptococcus species,PRES_PEPT,False,,Presumptive peptostreptococcus species,Presumptive peptostreptococcus species
,,,,,Presumptive,streptococcus bovis,PRES_STRE,False,,Presumptive streptococcus bovis,Presumptive streptococcus bovis
,,,,,Presumptive,veillonella species,PRES_VEIL,False,,Presumptive veillonella species,Presumptive veillonella species
Bacteria,Bacteroidota,Bacteroidia,Bacteroidales,Bacteroidaceae,Prevotella,species,PREV_SPEC,False,,Prevotella species,Prevotella species
Bacteria,Actinobacteriota,Actinomycetia,Propionibacteriales,Propionibacteriaceae,Propionibacterium,acnes,PROP_ACNE,True,p,Propionibacterium acnes,Propionibacterium acnes
Bacteria,Actinobacteriota,Actinomycetia,Propionibacteriales,Propionibacteriaceae,Propionibacterium,species,PROP_SPEC,False,p,Propionibacterium species,Propionibacterium species
Bacteria,Proteobacteria,Gammaproteobacteria,Enterobacterales,Enterobacteriaceae,Proteus,hauseri,PROT_HAUS,True,n,Proteus hauseri,Proteus hauseri
Bacteria,Proteobacteria,Gammaproteobacteria,Enterobacterales,Enterobacteriaceae,Proteus,mirabilis,PROT_MIRA,True,n,Proteus mirabilis,Proteus mirabilis
Bacteria,Proteobacteria,Gammaproteobacteria,Enterobacterales,Enterobacteriaceae,Proteus,penneri,PROT_PENN,True,n,Proteus penneri,Proteus penneri
Bacteria,Proteobacteria,Gammaproteobacteria,Enterobacterales,Enterobacteriaceae,Proteus,species,PROT_SPEC,False,n,Proteus species,Proteus species
Bacteria,Proteobacteria,Gammaproteobacteria,Enterobacterales,Enterobacteriaceae,Proteus,vulgaris,PROT_VULG,True,n,Proteus vulgaris,Proteus vulgaris
Bacteria,Proteobacteria,Gammaproteobacteria,Enterobacterales,Enterobacteriaceae,Proteus,vulgaris group,PROT_VULGA,False,n,Proteus vulgaris group,Proteus vulgaris group
Bacteria,Proteobacteria,Gammaproteobacteria,Enterobacterales,Enterobacteriaceae,Providencia,rettgeri,PROV_RETT,True,,Providencia rettgeri,Providencia rettgeri
Bacteria,Proteobacteria,Gammaproteobacteria,Enterobacterales,Enterobacteriaceae,Providencia,species,PROV_SPEC,False,,Providencia species,Providencia species
Bacteria,Proteobacteria,Gammaproteobacteria,Enterobacterales,Enterobacteriaceae,Providencia,stuartii,PROV_STUA,True,,Providencia stuartii,Providencia stuartii
Bacteria,Proteobacteria,Gammaproteobacteria,Pseudomonadales,Pseudomonadaceae,Pseudomonas,aeruginosa,PSEU_AERU,True,n,Pseudomonas aeruginosa,Pseudomonas aeruginosa
Bacteria,Proteobacteria,Gammaproteobacteria,Pseudomonadales,Pseudomonadaceae,Pseudomonas,fluorescens,PSEU_FLUO,True,n,Pseudomonas fluorescens,Pseudomonas fluorescens
Bacteria,Proteobacteria,Gammaproteobacteria,Pseudomonadales,Pseudomonadaceae,Pseudomonas,luteola,PSEU_LUTEO,True,n,Pseudomonas luteola,Pseudomonas luteola
Bacteria,Proteobacteria,Gammaproteobacteria,Pseudomonadales,Pseudomonadaceae,Pseudomonas,mendocina,PSEU_MEND,True,n,Pseudomonas mendocina,Pseudomonas mendocina
Bacteria,Proteobacteria,Gammaproteobacteria,Pseudomonadales,Pseudomonadaceae,Pseudomonas,oryzihabitans,PSEU_ORYZI,True,n,Pseudomonas oryzihabitans,Pseudomonas oryzihabitans
Bacteria,Proteobacteria,Gammaproteobacteria,Pseudomonadales,Pseudomonadaceae,Pseudomonas,putida ,PSEU_PUTID,False,n,Pseudomonas putida ,Pseudomonas putida 
Bacteria,Proteobacteria,Gammaproteobacteria,Pseudomonadales,Pseudomonadaceae,Pseudomonas,species,PSEU_SPEC,False,n,Pseudomonas species,Pseudomonas species
Bacteria,Proteobacteria,Gammaproteobacteria,Pseudomonadales,Pseudomonadaceae,Pseudomonas,stutzeri,PSEU_STUT,True,n,Pseudomonas stutzeri,Pseudomonas stutzeri
Bacteria,Proteobacteria,Gammaproteobacteria,Enterobacterales,Enterobacteriaceae,Raoultella,ornithinolytica,RAOU_ORNI,True,,Raoultella ornithinolytica,Raoultella ornithinolytica
Bacteria,Proteobacteria,Gammaproteobacteria,Enterobacterales,Enterobacteriaceae,Raoultella,planticola,RAOU_PLAN,True,,Raoultella planticola,Raoultella planticola
Bacteria,Proteobacteria,Alphaproteobacteria,Rhizobiales,Rhizobiaceae,Rhizobium,radiobacter,RHIZ_RADI,True,n,Rhizobium radiobacter,Rhizobium radiobacter
Bacteria,Proteobacteria,Alphaproteobacteria,Acetobacterales,Acetobacteraceae,Roseomonas,species,ROSE_SPEC,False,,Roseomonas species,Roseomonas species
Bacteria,Actinobacteriota,Actinomycetia,Actinomycetales,Micrococcaceae,Rothia,dentocariosa,ROTH_DENT,True,p,Rothia dentocariosa,Rothia dentocariosa
Bacteria,Actinobacteriota,Actinomycetia,Actinomycetales,Micrococcaceae,Rothia,mucilaginosa,ROTH_MUCI,True,,Rothia mucilaginosa,Rothia mucilaginosa
Bacteria,Proteobacteria,Gammaproteobacteria,Enterobacterales,Enterobacteriaceae,Salmonella,agona,SALM_AGON,False,n,Salmonella agona,Salmonella agona
Bacteria,Proteobacteria,Gammaproteobacteria,Enterobacterales,Enterobacteriaceae,Salmonella,dublin,SALM_DUBL,False,n,Salmonella dublin,Salmonella dublin
Bacteria,Proteobacteria,Gammaproteobacteria,Enterobacterales,Enterobacteriaceae,Salmonella,enteritidis,SALM_ENTER,False,n,Salmonella enteritidis,Salmonella enteritidis
Bacteria,Proteobacteria,Gammaproteobacteria,Enterobacterales,Enterobacteriaceae,Salmonella,javiana,SALM_JAVI,False,n,Salmonella javiana,Salmonella javiana
Bacteria,Proteobacteria,Gammaproteobacteria,Enterobacterales,Enterobacteriaceae,Salmonella,montevideo,SALM_MONT,False,n,Salmonella montevideo,Salmonella montevideo
Bacteria,Proteobacteria,Gammaproteobacteria,Enterobacterales,Enterobacteriaceae,Salmonella,newport,SALM_NEWP,False,n,Salmonella newport,Salmonella newport
Bacteria,Proteobacteria,Gammaproteobacteria,Enterobacterales,Enterobacteriaceae,Salmonella,sandiego,SALM_SAND,False,n,Salmonella sandiego,Salmonella sandiego
Bacteria,Proteobacteria,Gammaproteobacteria,Enterobacterales,Enterobacteriaceae,Salmonella,species,SALM_SPEC,False,n,Salmonella species,Salmonella species
Bacteria,Proteobacteria,Gammaproteobacteria,Enterobacterales,Enterobacteriaceae,Salmonella,telelkebir,SALM_TELE,False,n,Salmonella telelkebir,Salmonella telelkebir
Bacteria,Proteobacteria,Gammaproteobacteria,Enterobacterales,Enterobacteriaceae,Salmonella,typhi,SALM_TYPH,False,n,Salmonella typhi,Salmonella typhi
Bacteria,Proteobacteria,Gammaproteobacteria,Enterobacterales,Enterobacteriaceae,Salmonella,typhimurium,SALM_TYPHI,False,n,Salmonella typhimurium,Salmonella typhimurium
Bacteria,Proteobacteria,Gammaproteobacteria,Enterobacterales,Enterobacteriaceae,Serratia,fonticola,SERR_FONT,True,n,Serratia fonticola,Serratia fonticola
Bacteria,Proteobacteria,Gammaproteobacteria,Enterobacterales,Enterobacteriaceae,Serratia,liquefaciens,SERR_LIQU,True,n,Serratia liquefaciens,Serratia liquefaciens
Bacteria,Proteobacteria,Gammaproteobacteria,Enterobacterales,Enterobacteriaceae,Serratia,marcescens,SERR_MARC,True,n,Serratia marcescens,Serratia marcescens
Bacteria,Proteobacteria,Gammaproteobacteria,Enterobacterales,Enterobacteriaceae,Serratia,odorifera,SERR_ODOR,True,n,Serratia odorifera,Serratia odorifera
Bacteria,Proteobacteria,Gammaproteobacteria,Enterobacterales,Enterobacteriaceae,Serratia,rubidaea,SERR_RUBI,True,n,Serratia rubidaea,Serratia rubidaea
Bacteria,Proteobacteria,Gammaproteobacteria,Enterobacterales,Enterobacteriaceae,Serratia,species,SERR_SPEC,False,n,Serratia species,Serratia species
Bacteria,Proteobacteria,Gammaproteobacteria,Enterobacterales,Shewanellaceae,Shewanella,algae,SHEW_ALGA,True,,Shewanella algae,Shewanella algae
Bacteria,Proteobacteria,Gammaproteobacteria,Enterobacterales,Shewanellaceae,Shewanella,species,SHEW_SPEC,False,,Shewanella species,Shewanella species
,,,,,Shigella,flexneri,SHIG_FLEX,True,n,Shigella flexneri,Shigella flexneri
,,,,,Shigella,sonnei,SHIG_SONN,True,n,Shigella sonnei,Shigella sonnei
Bacteria,Proteobacteria,Alphaproteobacteria,Sphingomonadales,Sphingomonadaceae,Sphingomonas,paucimobilis,SPHI_PAUCI,True,,Sphingomonas paucimobilis,Sphingomonas paucimobilis
Bacteria,Proteobacteria,Alphaproteobacteria,Sphingomonadales,Sphingomonadaceae,Sphingomonas,species,SPHI_SPEC,False,,Sphingomonas species,Sphingomonas species
,,,,,Staph,aureus coag +,S_A_C_+,False,,Staph aureus coag +,Staph aureus coag +
Bacteria,Firmicutes,Bacilli,Staphylococcales,Staphylococcaceae,Staphylococcus,auricularis,STAP_AURI,True,p,Staphylococcus auricularis,Staphylococcus auricularis
Bacteria,Firmicutes,Bacilli,Staphylococcales,Staphylococcaceae,Staphylococcus,capitis,STAP_CAPI,True,p,Staphylococcus capitis,Staphylococcus capitis
Bacteria,Firmicutes,Bacilli,Staphylococcales,Staphylococcaceae,Staphylococcus,caprae,STAP_CAPR,True,p,Staphylococcus caprae,Staphylococcus caprae
Bacteria,Firmicutes,Bacilli,Staphylococcales,Staphylococcaceae,Staphylococcus,caprae/capitis,STAP_CAPRA,False,p,Staphylococcus caprae/capitis,Staphylococcus caprae/capitis
Bacteria,Firmicutes,Bacilli,Staphylococcales,Staphylococcaceae,Staphylococcus,epidermidis,STAP_EPID,True,p,Staphylococcus epidermidis,Staphylococcus epidermidis
Bacteria,Firmicutes,Bacilli,Staphylococcales,Staphylococcaceae,Staphylococcus,haemolyticus,STAP_HAEM,True,p,Staphylococcus haemolyticus,Staphylococcus haemolyticus
Bacteria,Firmicutes,Bacilli,Staphylococcales,Staphylococcaceae,Staphylococcus,hominis,STAP_HOMI,True,p,Staphylococcus hominis,Staphylococcus hominis
Bacteria,Firmicutes,Bacilli,Staphylococcales,Staphylococcaceae,Staphylococcus,intermedius,STAP_INTE,True,p,Staphylococcus intermedius,Staphylococcus intermedius
Bacteria,Firmicutes,Bacilli,Staphylococcales,Staphylococcaceae,Staphylococcus,lentus,STAP_LENT,True,p,Staphylococcus lentus,Staphylococcus lentus
Bacteria,Firmicutes,Bacilli,Staphylococcales,Staphylococcaceae,Staphylococcus,lugdunensis,STAP_LUGD,True,p,Staphylococcus lugdunensis,Staphylococcus lugdunensis
Bacteria,Firmicutes,Bacilli,Staphylococcales,Staphylococcaceae,Staphylococcus,pseudintermedius,STAP_PSEU,True,p,Staphylococcus pseudintermedius,Staphylococcus pseudintermedius
Bacteria,Firmicutes,Bacilli,Staphylococcales,Staphylococcaceae,Staphylococcus,saprophyticus,STAP_SAPR,True,p,Staphylococcus saprophyticus,Staphylococcus saprophyticus
Bacteria,Firmicutes,Bacilli,Staphylococcales,Staphylococcaceae,Staphylococcus,"saprophyticus, presumptive identification",S_S_P_I,False,p,"Staphylococcus saprophyticus, presumptive identification","Staphylococcus saprophyticus, presumptive identification"
Bacteria,Firmicutes,Bacilli,Staphylococcales,Staphylococcaceae,Staphylococcus,schleiferi,STAP_SCHL,False,p,Staphylococcus schleiferi,Staphylococcus schleiferi
Bacteria,Firmicutes,Bacilli,Staphylococcales,Staphylococcaceae,Staphylococcus,sciuri,STAP_SCIU,True,p,Staphylococcus sciuri,Staphylococcus sciuri
Bacteria,Firmicutes,Bacilli,Staphylococcales,Staphylococcaceae,Staphylococcus,simulans,STAP_SIMU,True,p,Staphylococcus simulans,Staphylococcus simulans
Bacteria,Firmicutes,Bacilli,Staphylococcales,Staphylococcaceae,Staphylococcus,species,STAP_SPEC,False,p,Staphylococcus species,Staphylococcus species
Bacteria,Firmicutes,Bacilli,Staphylococcales,Staphylococcaceae,Staphylococcus,warneri,STAP_WARN,True,p,Staphylococcus warneri,Staphylococcus warneri
Bacteria,Firmicutes,Bacilli,Staphylococcales,Staphylococcaceae,Staphylococcus,warneri/pasteuri,STAP_WARNE,False,p,Staphylococcus warneri/pasteuri,Staphylococcus warneri/pasteuri
,,,,,"Staphylococcus,",coagulase negative,STAP_COAGU,False,,"Staphylococcus, coagulase negative","Staphylococcus, coagulase negative"
,,,,,"Staphylococcus,","coagulase negative, presumptively not s. saprophyticus",S_C_N_P_N_S_S,False,,"Staphylococcus, coagulase negative, presumptively not s. saprophyticus","Staphylococcus, coagulase negative, presumptively not s. saprophyticus"
Bacteria,Proteobacteria,Gammaproteobacteria,Xanthomonadales,Xanthomonadaceae,Stenotrophomonas,maltophilia,STEN_MALT,True,n,Stenotrophomonas maltophilia,Stenotrophomonas maltophilia
,,,,,Streptoccus,salivarius group,STRE_SALIV,False,,Streptoccus salivarius group,Streptoccus salivarius group
Bacteria,Firmicutes,Bacilli,Lactobacillales,Streptococcaceae,Streptococcus,anginosus,STRE_ANGI,True,p,Streptococcus anginosus,Streptococcus anginosus
Bacteria,Firmicutes,Bacilli,Lactobacillales,Streptococcaceae,Streptococcus,anginosus (milleri) group,S_A_(_G,False,p,Streptococcus anginosus (milleri) group,Streptococcus anginosus (milleri) group
Bacteria,Firmicutes,Bacilli,Lactobacillales,Streptococcaceae,Streptococcus,bovis ,STREP_BOVI,False,p,Streptococcus bovis ,Streptococcus bovis 
Bacteria,Firmicutes,Bacilli,Lactobacillales,Streptococcaceae,Streptococcus,bovis group,STREP_BOVIS,False,p,Streptococcus bovis group,Streptococcus bovis group
Bacteria,Firmicutes,Bacilli,Lactobacillales,Streptococcaceae,Streptococcus,gallolyticus ssp. gallolyticus (streptococcus bovis),S_G_S_G_(_B,False,p,Streptococcus gallolyticus ssp. gallolyticus (streptococcus bovis),Streptococcus gallolyticus ssp. gallolyticus (streptococcus bovis)
Bacteria,Firmicutes,Bacilli,Lactobacillales,Streptococcaceae,Streptococcus,gallolyticus ssp. pasteurianus (streptococcus bovis),S_G_S_P_(_B,False,p,Streptococcus gallolyticus ssp. pasteurianus (streptococcus bovis),Streptococcus gallolyticus ssp. pasteurianus (streptococcus bovis)
Bacteria,Firmicutes,Bacilli,Lactobacillales,Streptococcaceae,Streptococcus,gordonii,STRE_GORD,True,p,Streptococcus gordonii,Streptococcus gordonii
Bacteria,Firmicutes,Bacilli,Lactobacillales,Streptococcaceae,Streptococcus,infantarius ssp. coli (str. lutetiensis),S_I_S_C_(_L,False,p,Streptococcus infantarius ssp. coli (str. lutetiensis),Streptococcus infantarius ssp. coli (str. lutetiensis)
Bacteria,Firmicutes,Bacilli,Lactobacillales,Streptococcaceae,Streptococcus,infantarius ssp. coli (streptococcus bovis),S_I_S_C_(_B,False,p,Streptococcus infantarius ssp. coli (streptococcus bovis),Streptococcus infantarius ssp. coli (streptococcus bovis)
Bacteria,Firmicutes,Bacilli,Lactobacillales,Streptococcaceae,Streptococcus,infantarius ssp. infantarius (streptococcus bovis),S_I_S_I_(_B,False,p,Streptococcus infantarius ssp. infantarius (streptococcus bovis),Streptococcus infantarius ssp. infantarius (streptococcus bovis)
Bacteria,Firmicutes,Bacilli,Lactobacillales,Streptococcaceae,Streptococcus,intermedius,STRE_INTE,True,p,Streptococcus intermedius,Streptococcus intermedius
Bacteria,Firmicutes,Bacilli,Lactobacillales,Streptococcaceae,Streptococcus,milleri group,STRE_MILLE,False,p,Streptococcus milleri group,Streptococcus milleri group
Bacteria,Firmicutes,Bacilli,Lactobacillales,Streptococcaceae,Streptococcus,mitis,STRE_MITI,True,p,Streptococcus mitis,Streptococcus mitis
Bacteria,Firmicutes,Bacilli,Lactobacillales,Streptococcaceae,Streptococcus,mitis group,STRE_MITIS,False,p,Streptococcus mitis group,Streptococcus mitis group
Bacteria,Firmicutes,Bacilli,Lactobacillales,Streptococcaceae,Streptococcus,mitis/oralis,STRE_MITIS/,False,p,Streptococcus mitis/oralis,Streptococcus mitis/oralis
Bacteria,Firmicutes,Bacilli,Lactobacillales,Streptococcaceae,Streptococcus,mutans,STRE_MUTA,True,p,Streptococcus mutans,Streptococcus mutans
Bacteria,Firmicutes,Bacilli,Lactobacillales,Streptococcaceae,Streptococcus,oralis,STRE_ORAL,True,p,Streptococcus oralis,Streptococcus oralis
Bacteria,Firmicutes,Bacilli,Lactobacillales,Streptococcaceae,Streptococcus,parasanguinis,STRE_PARA,True,p,Streptococcus parasanguinis,Streptococcus parasanguinis
Bacteria,Firmicutes,Bacilli,Lactobacillales,Streptococcaceae,Streptococcus,pneumoniae,STRE_PNEU,True,p,Streptococcus pneumoniae,Streptococcus pneumoniae
Bacteria,Firmicutes,Bacilli,Lactobacillales,Streptococcaceae,Streptococcus,salivarius,STRE_SALI,True,p,Streptococcus salivarius,Streptococcus salivarius
Bacteria,Firmicutes,Bacilli,Lactobacillales,Streptococcaceae,Streptococcus,salivarius ssp. salivarius,S_S_S_S,False,p,Streptococcus salivarius ssp. salivarius,Streptococcus salivarius ssp. salivarius
Bacteria,Firmicutes,Bacilli,Lactobacillales,Streptococcaceae,Streptococcus,salivarus,STRE_SALIVA,False,p,Streptococcus salivarus,Streptococcus salivarus
Bacteria,Firmicutes,Bacilli,Lactobacillales,Streptococcaceae,Streptococcus,sanguinis,STRE_SANG,True,p,Streptococcus sanguinis,Streptococcus sanguinis
Bacteria,Firmicutes,Bacilli,Lactobacillales,Streptococcaceae,Streptococcus,species,STRE_SPEC,False,p,Streptococcus species,Streptococcus species
Bacteria,Firmicutes,Bacilli,Lactobacillales,Streptococcaceae,Streptococcus,vestibularis,STRE_VEST,True,p,Streptococcus vestibularis,Streptococcus vestibularis
Bacteria,Actinobacteriota,Actinomycetia,Streptomycetales,Streptomycetaceae,Streptomyces,species,STRE_SPECI,False,,Streptomyces species,Streptomyces species
Bacteria,Firmicutes,Negativicutes,Veillonellales,Veillonellaceae,Veillonella,species,VEIL_SPEC,False,,Veillonella species,Veillonella species
Bacteria,Proteobacteria,Gammaproteobacteria,Enterobacterales,Vibrionaceae,Vibrio,parahaemolyticus,VIBR_PARA,True,n,Vibrio parahaemolyticus,Vibrio parahaemolyticus
,,,,,Viridans,streptococci,VIRI_STRE,False,,Viridans streptococci,Viridans streptococci
,,,,,Wautersiella,falsenii,WAUT_FALS,False,,Wautersiella falsenii,Wautersiella falsenii
